Symbol,Name,Sector,Proportion of women in board,Proportion of women in upper management,Proportion of women in medium management,Proportion of women in lower management,Score
MMM,3M Company,Industrials,0.3838620760620061,0.15242989455519435,0.012686274315127588,0.01883494194391644,0.5025566219913808
AOS,A.O. Smith Corp,Industrials,0.06894201511288534,0.4574080105201626,0.9790611238703196,0.8686476305333688,1.1392524735721696
ABT,Abbott Laboratories,Health Care,0.253830711988569,1.2552138849080443,0.32374822425810945,0.28776222034790155,1.3806832096576254
ABBV,AbbVie Inc.,Health Care,1.4494638112089715,0.8666875717004099,0.3969615848141188,0.5054761233073972,2.4062687407985375
ABMD,ABIOMED Inc,Health Care,0.8599824830622634,0.30991586424916984,0.2295758912912252,0.3277655645731661,1.2900412030542447
ACN,Accenture plc,Information Technology,1.7558472768387603,0.13262336059141608,0.30926089564720793,1.3520386065905228,2.408925659053512
ATVI,Activision Blizzard,Communication Services,0.3963216363301443,0.5092469076286261,0.3290769452734068,0.506407831794105,1.0692552938451174
ADBE,Adobe Inc.,Information Technology,0.12416469826224832,0.0628148216347088,0.029685389628030717,0.15934362059398344,0.23078085439875487
AAP,Advance Auto Parts,Consumer Discretionary,0.657812458909271,0.6533793653490942,0.8252996932252812,0.5174307351189499,1.6830570818019626
AMD,Advanced Micro Devices Inc,Information Technology,1.9132484043323092,0.7689264782003777,0.4660609962705767,0.27801104381660924,2.767930750352845
AES,AES Corp,Utilities,0.384777657871024,0.2773621872414764,0.3788960697095694,0.5199272512275394,0.924357399163104
AFL,AFLAC Inc,Financials,0.11825504856084228,0.718750596439921,0.03178850994453945,0.2185355422979506,0.7028353837304419
A,Agilent Technologies Inc,Health Care,0.00625383658500156,0.4166773758441481,0.3085345668072396,0.6626770001413178,0.6509983831219204
APD,Air Products & Chemicals Inc,Materials,1.2335307548613343,0.4916991428121893,0.6286747315835339,0.2809001027447374,1.9763275514450551
AKAM,Akamai Technologies Inc,Information Technology,0.1983362996834737,0.011758865538799526,0.5781172403704157,1.1165628495648066,0.8305949806152831
ALK,Alaska Air Group Inc,Industrials,0.002826414506779784,0.3359473171077527,0.9068024862404463,0.7190507337142268,0.9071059997166979
ALB,Albemarle Corp,Materials,0.7279144101176569,0.10958576103336487,0.5316044653411462,0.9712584750605628,1.3618042180297543
ARE,Alexandria Real Estate Equities,Real Estate,0.6047959606285549,0.3771935329207735,0.4601244196934188,0.30358048378134483,1.1899677886542093
ALXN,Alexion Pharmaceuticals,Health Care,0.010492070028507605,1.128410721503378,0.23662523078529474,0.8946175396571753,1.1870774523706722
ALGN,Align Technology,Health Care,0.909160269226098,0.2341843229534827,0.8335260153425916,1.005171600318315,1.7914037830603264
ALLE,Allegion,Industrials,0.2821899155851421,1.1911585896836931,1.261750857533119,0.9686706589671434,2.03747755482043
LNT,Alliant Energy Corp,Utilities,0.4783971209101418,0.3245100755711023,0.401461598244626,0.5623956152836793,1.0750036575173303
ALL,Allstate Corp,Financials,0.3344427745812661,0.20422638369892493,0.10450181444055036,0.22331119354983547,0.5966455084557394
GOOGL,Alphabet Inc. (Class A),Communication Services,0.6036570870696254,0.4674054676030713,0.5174064513059111,0.32370835724645075,1.286656647218666
GOOG,Alphabet Inc. (Class C),Communication Services,0.35356826540775604,0.3089874531657436,0.3300196482413554,0.4218232993730085,0.8614162965563568
MO,Altria Group Inc,Consumer Staples,0.3486509215498133,0.5811786352283597,0.3024474172279411,0.4151293577092217,1.031238482136402
AMZN,Amazon.com Inc.,Consumer Discretionary,0.17960392983409273,0.6264449744522839,0.4690481146822168,0.17895078886547816,0.9063247059514432
AMCR,Amcor plc,Materials,0.6453786503493193,0.9775527914891275,1.3993849922458053,0.06596322360487789,2.0491470675960746
AEE,Ameren Corp,Utilities,0.40858813720848375,0.204042770386547,0.39100736198828057,0.2546502681554588,0.8233168379198446
AAL,American Airlines Group,Industrials,0.4626275996084836,0.4694463042313413,0.5434837124228977,0.7008372294210239,1.2732330376081784
AEP,American Electric Power,Utilities,0.31996588434974993,0.2644411712822761,0.072924425796179,0.3276826538953445,0.639841713314036
AXP,American Express Co,Financials,0.055162447078265585,0.12887551289167648,0.6181301817569458,0.11452697481976193,0.48879848942684057
AIG,American International Group,Financials,0.34060759390643186,0.935851551306868,0.5944070468475955,0.12813792474969002,1.3313485806699443
AMT,American Tower Corp.,Real Estate,0.5783723725605299,0.4670444135740437,0.4692763983006213,0.2792031442365285,1.2237026044836297
AWK,American Water Works Company Inc,Utilities,0.42416443103475465,0.40586925744131297,0.3367609236570474,0.2115271741060138,0.9401115253040015
AMP,Ameriprise Financial,Financials,0.5832082494014819,0.4510382936313753,0.002117180199108684,0.12111772439757675,0.9363289623622718
ABC,AmerisourceBergen Corp,Health Care,0.4629281210810415,1.0687602095504491,0.06767780547602409,0.6643738038013988,1.4442113116447874
AME,AMETEK Inc.,Industrials,0.7331944381747011,0.7556831512849915,0.10430959243619968,0.04228355400458611,1.3270125064936709
AMGN,Amgen Inc.,Health Care,1.8820416996218747,0.09892395205795956,0.6218226727480133,0.5511496481918157,2.4275446968939978
APH,Amphenol Corp,Information Technology,1.3062208393663883,1.1529865450872692,0.1401634416646012,0.9184550069059878,2.4589296438315738
ADI,Analog Devices Inc.,Information Technology,0.4938872854585814,0.2103120951493715,0.6064354025185505,1.2087418815221669,1.3069460177790668
ANSS,ANSYS,Information Technology,0.5378552054966084,0.5474743586834921,1.38589073681658,0.13315380912197713,1.653978767719936
ANTM,Anthem,Health Care,2.89291195533668,0.4201773607364148,0.07026452419657181,0.2366044364057087,3.2931497008721693
AON,Aon plc,Financials,0.2423414837075304,0.16293663211056605,0.010451699730897046,0.48801373283186705,0.5080270958999353
APA,Apache Corporation,Energy,0.2531691311383307,0.27782320516268644,0.502580660075739,0.3122573556247328,0.7926129114775006
AIV,Apartment Investment & Management,Real Estate,0.4943779581235301,0.3902889243126402,0.2792694253472384,0.4411898062889195,1.0395718597026733
AAPL,Apple Inc.,Information Technology,0.4984960578240052,0.5416458787204232,0.046785483831676106,1.2004741087817974,1.2611831474786788
AMAT,Applied Materials Inc.,Information Technology,0.8961626399140529,0.2943892333481464,0.4086780234430668,0.4899668854887701,1.4535641806259196
APTV,Aptiv PLC,Consumer Discretionary,0.9614256290103412,0.6872939876423989,0.3780396373193902,0.22536154562717606,1.6991597027078684
ADM,Archer-Daniels-Midland Co,Consumer Staples,0.14172135732241106,0.6247301418784439,0.4213099930071512,0.2930633469895709,0.8776064572377685
ANET,Arista Networks,Information Technology,0.011105630181946366,0.16650487746888665,0.6054081696493492,0.8341404820316721,0.6806052738443432
AJG,Arthur J. Gallagher & Co.,Financials,0.29068681507138705,0.7458417842773273,0.5495849940115171,0.09576773044260456,1.116298880204056
AIZ,Assurant,Financials,0.6136243435059262,0.4036046491698347,1.2001112775587564,0.4179517425553965,1.6215887594708076
T,AT&T Inc.,Communication Services,0.37113420771958394,0.3789300027455828,0.34262927509632146,0.2782993796525685,0.8911896610854232
ATO,Atmos Energy,Utilities,0.584110961647026,0.31747731267460183,0.4453596023916269,0.249364464547659,1.1038342210793586
ADSK,Autodesk Inc.,Information Technology,0.10310407106360524,0.1997410489222493,0.5854541021004209,0.41217181411349496,0.6593014005934387
ADP,Automatic Data Processing,Information Technology,0.93870551461036,0.024508334982947317,0.9763753435108332,1.8766790020411757,2.0070527214661924
AZO,AutoZone Inc,Consumer Discretionary,0.27026728822943724,0.6328311413382204,0.8210646205035889,0.4297006363340862,1.2526915883182117
AVB,AvalonBay Communities,Real Estate,0.3907376875363353,0.3303134486079407,0.3816092995623999,0.4976249865904261,0.9620492473202216
AVY,Avery Dennison Corp,Materials,0.6221993707516167,0.4413697496272306,1.317990214828331,1.0175109217672609,1.8954065794350217
BKR,Baker Hughes Co,Energy,0.3001565248233449,0.3089908005428906,0.27579925180419607,0.22133857111132935,0.7207512824388651
BLL,Ball Corp,Materials,1.1338647135723452,0.7826480846648547,0.7168293185003207,0.911848128767606,2.3136874707181856
BAC,Bank of America Corp,Financials,0.22941031162370834,0.17679657681172276,0.518921771373815,0.8082174402049469,0.8550940331403059
BAX,Baxter International Inc.,Health Care,1.4168540465235635,0.14564768320067878,0.2394601737229243,0.5679354469168335,1.8089181457005508
BDX,Becton Dickinson,Health Care,0.9438225225774222,0.9069054101559394,0.3380968957932894,0.2862420989881954,1.833577387279683
BRK.B,Berkshire Hathaway,Financials,0.6530968230683725,0.3538942665478993,0.6237595691649878,0.2945298508424362,1.3010615494871267
BBY,Best Buy Co. Inc.,Consumer Discretionary,0.7481366974841812,0.3380944786863364,0.40618236367983424,0.4060251424532262,1.3097015571405017
BIO,Bio-Rad Laboratories,Health Care,0.6362064525932407,0.7860466655612928,0.7540932024654314,1.0686260336329612,1.8840735298087496
BIIB,Biogen Inc.,Health Care,1.5094719535451362,0.7566121753691678,1.1643905732945188,1.802310390760553,3.1619888801789786
BLK,BlackRock,Financials,0.965789667883056,1.16922950224693,0.2462985758080193,0.2678125891832138,1.9877433841148806
BA,Boeing Company,Industrials,0.022668630069045848,0.5301564163593111,0.8284579784469024,0.463473657676715,0.9470492080470293
BKNG,Booking Holdings Inc,Consumer Discretionary,0.2726118628975822,0.7855725108743654,0.7954561507181962,0.1716607573599136,1.27173892307671
BWA,BorgWarner,Consumer Discretionary,0.5438188948777122,0.8308648131269818,0.4199937904373995,0.8136763762409821,1.5795240721575938
BXP,Boston Properties,Real Estate,0.3865349320035862,0.2974322542155909,0.40829637749586734,0.3528212983963286,0.9047320882213321
BSX,Boston Scientific,Health Care,0.46006242235118,0.9776282608107912,1.154875638518011,0.35177573431209497,1.8273727444713679
BMY,Bristol-Myers Squibb,Health Care,0.5408460687042991,0.7049116763215519,1.14883555103451,0.23129826634131906,1.6780914975490362
AVGO,Broadcom Inc.,Information Technology,0.29071685706958417,1.6124422577013249,0.11209368959600496,0.056473760176349315,1.4924154103114187
BR,Broadridge Financial Solutions,Information Technology,0.6178857540735722,0.3046549967769502,0.22832198802541606,0.14901344826665666,0.9900092803101423
BF.B,Brown-Forman Corp.,Consumer Staples,0.2877043501227778,0.41367340226102495,0.3991297914538831,0.4362140403952294,0.9077048395510057
CHRW,C. H. Robinson Worldwide,Industrials,0.4406499946504752,0.5618647563310604,0.3118919371521863,0.26316612822924984,1.0688511311270856
COG,Cabot Oil & Gas,Energy,0.3483361147348897,0.13772891768367798,0.4433388931268835,0.3365687698121421,0.7673864346205487
CDNS,Cadence Design Systems,Information Technology,0.3506429277936892,0.6299775431012804,0.0621366959609744,1.8594203524487252,1.38052166167969
CPB,Campbell Soup,Consumer Staples,0.2693544080562773,0.3767858155671042,0.2411687439388664,0.5173589748728735,0.8088965433845454
COF,Capital One Financial,Financials,0.08899554482006641,0.05157430079956213,0.09478561090734257,0.5847452426113645,0.34791393361684053
CAH,Cardinal Health Inc.,Health Care,1.1494361579536336,1.3540925846108292,0.6537166337957486,0.6628746509633373,2.6230216793680894
KMX,Carmax Inc,Consumer Discretionary,0.6995382005101634,0.7332416756413483,0.6595468879249797,0.18164243116365916,1.597073546770695
CCL,Carnival Corp.,Consumer Discretionary,0.5753421676339616,0.6074652323864883,0.5501883396566143,0.7091602767615708,1.4884100831612816
CARR,Carrier Global,Industrials,0.13011600653314276,0.06812865855252831,0.8685810869337425,0.11889144642712862,0.6477640449149223
CAT,Caterpillar Inc.,Industrials,1.1689781185370247,0.2190309961226795,0.491065961733802,0.5215026330640276,1.7242835866090096
CBOE,Cboe Global Markets,Financials,0.5786073009242498,0.21571658108097266,0.6421243901633952,0.08378631273561851,1.075806996583314
CBRE,CBRE Group,Real Estate,0.4229846390288649,0.4251987662347473,0.4093727434153242,0.4705385857258985,1.0664717228186196
CDW,CDW,Information Technology,0.007203198103301099,0.2634920838575481,0.4179626531151346,0.22254427706814747,0.46739226648159626
CE,Celanese,Materials,0.6605680238213802,0.02403414687462357,0.2955446757755653,0.19960875089797772,0.8850468897907927
CNC,Centene Corporation,Health Care,0.28098791404822443,0.14878338837129262,0.6288038387059469,0.13038993321521308,0.7386551852256666
CNP,CenterPoint Energy,Utilities,0.4398562632154561,0.3129666137171388,0.17247152735343566,0.40432023570847947,0.866464727206715
CTL,CenturyLink Inc,Communication Services,0.2419478969772311,0.4138789222904239,0.3360110106004384,0.4231692181350784,0.8266194133212705
CERN,Cerner,Health Care,1.9282262518577495,0.3873645683739669,0.7816233331233868,0.9826833853495734,2.8849981318860918
CF,CF Industries Holdings Inc,Materials,1.134368571608496,0.6056156537247509,0.6401365570518145,0.6778405544092694,2.0817199740645096
SCHW,Charles Schwab Corporation,Financials,0.18640580106271404,0.03176287968832739,0.17073509400450754,0.4669287864359183,0.43408599977757245
CHTR,Charter Communications,Communication Services,0.5993264921846693,0.3369182585829496,0.3909917536207629,0.22830310263329784,1.0991560807931047
CVX,Chevron Corp.,Energy,0.2394766453102147,0.2143370039390275,0.3102016159004081,0.36737631858976094,0.6548262515946662
CMG,Chipotle Mexican Grill,Consumer Discretionary,0.4907484111920735,0.23301513781444616,0.4370876718379843,0.8479472578908432,1.126787020948431
CB,Chubb Limited,Financials,0.4435908311601801,0.15253881647628945,0.4936531729452195,0.19836702346817486,0.8567046962066449
CHD,Church & Dwight,Consumer Staples,0.43089653247313214,0.4661775817253703,0.31828489846927305,0.41706080286045816,1.0414815297736653
CI,CIGNA Corp.,Health Care,0.8345321859128942,0.6711685498132421,1.2047860491794724,0.5488438529866884,2.0713963512679063
CINF,Cincinnati Financial,Financials,0.0501158438338804,0.8217480258548415,0.16297412427286914,0.38907043324108426,0.8235476540410293
CTAS,Cintas Corporation,Industrials,0.7919704969953314,1.2754076606795994,0.005445868456980196,0.021722229380211237,1.6939954625136042
CSCO,Cisco Systems,Information Technology,0.40631690688492494,0.14372857507167774,0.2586991641253468,0.12920167627885132,0.6750369943814282
C,Citigroup Inc.,Financials,0.08145234419276393,1.1006583256794957,0.3981785201348018,0.17518119093297133,1.1035567895157032
CFG,Citizens Financial Group,Financials,0.4198952879972937,0.6582752898725256,0.4928693324026248,0.2955978853805322,1.2158020227235335
CTXS,Citrix Systems,Information Technology,1.4535760091944432,0.4828691400241345,0.27331090699991223,1.136507385080778,2.2691920762355267
CME,CME Group Inc.,Financials,1.23590157778433,0.1679701535485064,0.5592696044110486,0.20301382085183128,1.6940196337293583
CMS,CMS Energy,Utilities,0.42662792260168997,0.26423712646197145,0.3003100534453235,0.310477741253068,0.8548922602236522
KO,Coca-Cola Company,Consumer Staples,0.4428723583617772,0.39304353779584267,0.3813691111427197,0.24648548653114125,0.9826330363495692
CTSH,Cognizant Technology Solutions,Information Technology,0.423540235155058,1.052611692212772,0.1091231359674202,0.14535582648708933,1.2585367356338353
CL,Colgate-Palmolive,Consumer Staples,0.3546152818140719,0.5679140186948656,0.2819714503091378,0.21874631291020166,0.9587647139281072
CMCSA,Comcast Corp.,Communication Services,0.4117371150852515,0.35310221830223965,0.10550002754303643,0.30026808701094704,0.8017391077716216
CMA,Comerica Inc.,Financials,1.0879436030217224,0.6126941884891303,0.02328059496232679,0.027635524699142818,1.5367604898550198
CAG,Conagra Brands,Consumer Staples,0.4241897568454845,0.3749039038389809,0.3301630593006473,0.3888023624161021,0.9683447279079254
CXO,Concho Resources,Energy,0.2941819734318548,0.4778969702815648,0.4403546657479551,0.2677370009029823,0.9292082857738224
COP,ConocoPhillips,Energy,0.27276467333148713,0.2353025988587477,0.2074449817688063,0.21747358535308514,0.6064410590229392
ED,Consolidated Edison,Utilities,0.2639418047509221,0.2812528208965803,0.3789090920302405,0.3480167577703881,0.754678352724765
STZ,Constellation Brands,Consumer Staples,0.36080734526441177,0.4591985876576036,0.5553367960573203,0.20307553194359396,1.0208374142364727
CPRT,Copart Inc,Industrials,0.7227411314927957,0.5829085188729325,0.5352586899981526,0.08306622789540963,1.4233263080715477
GLW,Corning Inc.,Information Technology,1.1867926184900304,0.015821573126978558,0.1705698087980452,0.810612221406855,1.5263362904999944
CTVA,Corteva,Materials,0.3579954216330687,0.4294717008410582,0.4740043874377646,0.35544511972154863,1.0022613418571562
COST,Costco Wholesale Corp.,Consumer Staples,0.4386706803367413,0.3783435065036739,0.44822526352499104,0.4166617944436172,1.0526223049848937
COTY,Coty Inc,Consumer Staples,0.26977130017668016,0.3663213860781424,0.4577368698233371,0.4945008923625584,0.903414973051816
CCI,Crown Castle International Corp.,Real Estate,0.4109713591141969,0.291255998836075,0.2136464480580604,0.24826928647065696,0.7961545682696768
CSX,CSX Corp.,Industrials,1.6811646735987904,1.1861581596033588,0.2702029710241076,0.17913570257540928,2.7003175816058183
CMI,Cummins Inc.,Industrials,0.04914020183483858,1.099859306190578,0.4892514807234081,0.513021518683492,1.2175739121349947
CVS,CVS Health,Health Care,1.2728982521169303,1.6239696820916936,0.019242025409897168,0.5783324438843302,2.5927977754513636
DHI,D. R. Horton,Consumer Discretionary,0.7001604808312624,0.4541036188322544,0.24788302856176536,0.23739333798682224,1.2131925296907697
DHR,Danaher Corp.,Health Care,0.7359111767636817,1.053370025958562,0.026160390619608957,0.09905011459219937,1.5160654246221394
DRI,Darden Restaurants,Consumer Discretionary,0.5237508046053636,0.24992943767067702,0.4307806797486015,0.3779926902884355,1.0274895579356689
DVA,DaVita Inc.,Health Care,0.6423995355954318,0.5220638293400282,0.174881565531112,1.5252824697313438,1.5528697398184106
DE,Deere & Co.,Industrials,0.6470933643939135,0.6359373030935245,1.006264554108122,0.2810555190283025,1.6796984093219323
DAL,Delta Air Lines Inc.,Industrials,0.012266983935972477,0.2953907898153193,2.1407565709908405,0.7009617344403558,1.499707342634223
XRAY,Dentsply Sirona,Health Care,0.29672868638422073,0.03423596716773425,1.1859731158256588,0.377795659110865,1.0270191190477236
DVN,Devon Energy,Energy,0.20395924450510067,0.3807665128012573,0.25344824509046626,0.42425217360679796,0.7244955780932533
DXCM,DexCom,Health Care,0.3323341503160439,1.02786729601561,1.2322981920573757,0.00260620387050714,1.6687722147168107
FANG,Diamondback Energy,Energy,0.16898689291467658,0.3873376022937997,0.2667342644652485,0.294781928167692,0.6619249252032682
DLR,Digital Realty Trust Inc,Real Estate,0.4349817298424224,0.2642273690922384,0.3595337573270324,0.43132829323263294,0.9291062548402953
DFS,Discover Financial Services,Financials,0.06946540572392934,0.8068064548420898,0.1341203624928481,0.2640593136822339,0.7805078994644863
DISCA,Discovery Inc. (Class A),Communication Services,0.4257017182607253,0.3467835772092774,0.3489736655050469,0.5459461555048831,1.0067209017112078
DISCK,Discovery Inc. (Class C),Communication Services,0.2515218509274144,0.18599163105489247,0.4905166701328167,0.30346547189369066,0.7180139693003547
DISH,Dish Network,Communication Services,0.3500087693484561,0.25026003881611736,0.4265860449791309,0.3811972188509399,0.8528429846645856
DG,Dollar General,Consumer Discretionary,0.4974198842843763,0.7189003850469333,0.11131292124214703,0.5151538518272551,1.2108527699864797
DLTR,Dollar Tree,Consumer Discretionary,0.4622455961099211,0.3831633190991836,0.4966254170507358,0.3793643873847724,1.0925819442201492
D,Dominion Energy,Utilities,0.12598997171836362,0.2357005535206499,0.19905812344310647,0.1815571661180492,0.44497657073978647
DPZ,Domino's Pizza,Consumer Discretionary,0.5427165578552721,0.5930050021939546,0.6310885066408138,0.5733552369179179,1.4453708837868224
DOV,Dover Corporation,Industrials,0.23469993378779705,0.7610045446823157,0.12048853568173325,0.37827555036974697,0.9411300480172088
DOW,Dow Inc.,Materials,1.363780269668917,0.7794562093268569,0.8033405214715656,1.1915485204627283,2.6685344330723177
DTE,DTE Energy Co.,Utilities,0.2452518016409511,0.37045672535257,0.35138498932137624,0.3973718322402149,0.7994755537205027
DUK,Duke Energy,Utilities,0.16797386310021942,0.4191791423738603,0.2725337939575905,0.2170943516461752,0.6627944652345693
DRE,Duke Realty Corp,Real Estate,0.3699958988690185,0.4974101551829248,0.2287231052292104,0.4444050899676628,0.96586608710197
DD,DuPont de Nemours Inc,Materials,0.7103778229852495,0.324979572426497,0.9868834625990408,0.7692275199968848,1.6620735109823832
DXC,DXC Technology,Information Technology,0.10602213868281818,0.521632863090156,0.4315325694987292,0.2406503935907727,0.7591265456725238
ETFC,E*Trade,Financials,0.6588490406965136,1.0981573579851105,0.4080538341374061,1.170035949578822,1.9825968932284406
EMN,Eastman Chemical,Materials,1.1297186491705524,1.383953133560001,0.2520287354152875,0.7683129266803193,2.4549940883742924
ETN,Eaton Corporation,Industrials,0.14352421943216728,0.2433305900123641,0.2801737917186298,1.6047159030035838,0.9353572992012121
EBAY,eBay Inc.,Consumer Discretionary,0.2387781858465009,0.45730324896460794,0.6035497971260169,0.5142589771260625,1.0149430518225535
ECL,Ecolab Inc.,Materials,0.9752691719891262,0.8445393450505909,0.2513993960836966,0.9880608469459284,1.9885646656501668
EIX,Edison Int'l,Utilities,0.2280455374312688,0.3145911671867136,0.4041302256628472,0.2522873453350774,0.7260106708939151
EW,Edwards Lifesciences,Health Care,0.13313193609547702,0.543120621586029,1.491849384487255,1.211108650491676,1.6225736585968276
EA,Electronic Arts,Communication Services,0.4046550508244561,0.5731387958562234,0.4698088746386696,0.4958166000100793,1.189501625246171
EMR,Emerson Electric Company,Industrials,0.058434963803369926,0.548938087716073,0.1446126598802602,0.09790036758980593,0.5443680654216929
ETR,Entergy Corp.,Utilities,0.1987150252272928,0.24897165963516105,0.22624725433297346,0.23120251089038724,0.5554795674055084
EOG,EOG Resources,Energy,0.25887873687006635,0.5229437176585278,0.3509079438586527,0.23906089382471585,0.8721115793077769
EFX,Equifax Inc.,Industrials,0.436143315558476,1.81178506929798,0.8633509744495729,1.1105010749766993,2.4692186737848583
EQIX,Equinix,Real Estate,0.257756840338978,0.3434006040785882,0.4709367163306564,0.37912199049219897,0.8473422185069777
EQR,Equity Residential,Real Estate,0.3616997384933026,0.3463206994759497,0.5210497587807649,0.462275902165985,1.0033318781666454
ESS,Essex Property Trust Inc.,Real Estate,0.3680811372008902,0.5226669166224949,0.2495061939150938,0.3559471296270602,0.9654852146823015
EL,Est√©e Lauder Companies,Consumer Staples,0.4206095764417221,0.5271391008592667,0.3988049684151621,0.5404095109897362,1.1511322845477105
RE,Everest Re Group Ltd.,Financials,0.2781246884674988,0.3764428879712343,0.17425411870350582,0.6662106954616388,0.8286249780376074
EVRG,Evergy,Utilities,0.3090352001579047,0.22846353371061806,0.25714756672304123,0.4993112470559512,0.7473268312336433
ES,Eversource Energy,Utilities,0.5201265962044094,0.1958408839861542,0.25136906559718963,0.2959747447966589,0.8716921712323097
EXC,Exelon Corp.,Utilities,0.4376169818095013,0.3333049541096645,0.30658659192792675,0.4758640873270236,0.9669829718483369
EXPE,Expedia Group,Consumer Discretionary,0.11969125866834117,0.6225530839544787,0.34679561434255785,0.4781358109397785,0.8723169678896887
EXPD,Expeditors,Industrials,0.17261256355901744,0.4506884978315594,0.8093769336325214,1.9988691416281392,1.4924437213458113
EXR,Extra Space Storage,Real Estate,0.6460940262115094,0.3262856369542313,0.31065168633423096,0.3929528118476923,1.1477056588008945
XOM,Exxon Mobil Corp.,Energy,0.3368697901052065,0.2987840965284567,0.18611835624003525,0.337476064257526,0.7403206550724016
FFIV,F5 Networks,Information Technology,0.2058501692610503,1.8520344638523505,0.7954211408907642,0.2536547973213185,1.9760813035994733
FB,Facebook Inc.,Communication Services,0.4096598205022467,0.4516429080871147,0.32238045292254386,0.3150387781148939,0.981511716058967
FAST,Fastenal Co,Industrials,0.23011607431280084,0.44794451848497496,0.8912553944064314,0.9934601375455352,1.2873429757191597
FRT,Federal Realty Investment Trust,Real Estate,0.4938868652094154,0.4092995931904001,0.3679032258144885,0.4993911517810217,1.1141655388842462
FDX,FedEx Corporation,Industrials,1.3034679900113568,0.037410220693425256,0.3225021848228318,1.3956292359659763,1.9095950076979633
FIS,Fidelity National Information Services,Information Technology,0.986021769429132,0.589013874102389,0.7726497219016237,0.9551265677036086,2.0711943125626986
FITB,Fifth Third Bancorp,Financials,0.5252518636164905,0.4439817036710706,0.3423064944031079,0.20424460904964886,1.0684656861026884
FRC,First Republic Bank,Financials,0.3190411373757208,0.08778480644025599,0.2660086018197229,0.2061837865141304,0.5753499387480006
FE,FirstEnergy Corp,Utilities,0.476912144930512,0.3144351894653805,0.3330458675311975,0.3484854037585139,0.9680853324494313
FISV,Fiserv Inc,Information Technology,1.5895434845629244,0.0017240108252721126,0.3769043462161568,0.5408504945386089,1.941457613610276
FLT,FleetCor Technologies Inc,Information Technology,0.25985215913610593,0.4616248672317471,1.1735351071703708,1.226432386067804,1.5376868356038556
FLIR,FLIR Systems,Information Technology,0.5624914957611225,0.2573156739674149,1.4319492644812797,0.6764826032294714,1.6615318807477941
FLS,Flowserve Corporation,Industrials,0.4579392597020816,0.16402965168639433,0.5762687708065583,0.10653710872209447,0.8928555339024652
FMC,FMC Corporation,Materials,0.7083494659630649,1.069733221218376,1.1393554113317554,2.6453031205927893,2.8204313626596424
F,Ford Motor Company,Consumer Discretionary,0.4514988632605597,0.2886518931569552,0.3839967546000879,1.0184900328486959,1.1511005756250812
FTNT,Fortinet,Information Technology,0.6779139286346029,1.0811988226300753,1.000063921199299,0.7507648701817285,2.1600145261298236
FTV,Fortive Corp,Industrials,0.3392579362325711,1.7305087325357706,0.6914178891576429,0.5698141908624028,2.067267250845153
FBHS,Fortune Brands Home & Security,Industrials,1.1464741602283763,0.20078705427024074,0.4561977859585872,0.6934837639152445,1.7231691203714117
FOXA,Fox Corporation (Class A),Communication Services,0.4371197573273676,0.2507789917228266,0.4197534980542925,0.4419424782106368,0.9551245440236835
FOX,Fox Corporation (Class B),Communication Services,0.3521031637246975,0.330417486020714,0.5181472909698499,0.3912694235060872,0.9598498764759484
BEN,Franklin Resources,Financials,0.16389870215898658,0.4080843424711098,0.6890930636971203,0.6316228880995087,0.9835911401671762
FCX,Freeport-McMoRan Inc.,Materials,1.5806479962934237,0.9480487124746321,0.466621778042391,1.380829586900575,2.8918418601170344
GPS,Gap Inc.,Consumer Discretionary,0.6290492525799563,0.5387427390331277,0.4735992277677031,0.3655980019996599,1.3526481843868952
GRMN,Garmin Ltd.,Consumer Discretionary,0.774441962675861,0.583057872946802,0.6777568187730393,0.8088199662938069,1.764106873013284
IT,Gartner Inc,Information Technology,0.3178555669929608,0.3239780794725245,0.08772362672405476,0.2911065683735781,0.6758340064978288
GD,General Dynamics,Industrials,0.5275719177835745,0.4482165245047583,0.2922631834128652,0.16958666610040804,1.0383310764734603
GE,General Electric,Industrials,0.7521510946164092,0.06426928059841841,0.5969245885563057,1.46739733086035,1.5358210845715599
GIS,General Mills,Consumer Staples,0.3171150975685694,0.3591753521151915,0.3144847343359473,0.43415203881749376,0.8560258228624253
GM,General Motors,Consumer Discretionary,0.5290849023452903,0.3306760851567213,0.4620320579121778,0.3971209127438703,1.1107104647342452
GPC,Genuine Parts,Consumer Discretionary,0.3532912046922063,0.3327579578385107,0.3466886983157207,0.7216594092635067,0.9760639471160761
GILD,Gilead Sciences,Health Care,0.29714799879999937,1.7492585827706142,0.004557569201785404,0.8436309633983182,1.7769970803598176
GPN,Global Payments Inc.,Information Technology,0.20667475388393872,1.3513277908427488,1.4929201089268704,0.5145977640134607,2.053443591141336
GL,Globe Life Inc.,Financials,1.0119811119701647,0.4575884031443938,0.08227719263438332,0.7423915046992912,1.5961490418982194
GS,Goldman Sachs Group,Financials,0.9211393376322192,0.2234627792723644,0.13883519437993105,0.37070665669911,1.2581928773225728
GWW,Grainger (W.W.) Inc.,Industrials,0.347967974817412,0.4149777410094001,0.24639249605648897,0.9702093164284662,1.0527114364807764
HRB,H&R Block,Consumer Discretionary,0.4115040808090626,0.6597837350022757,0.6357209133811889,0.36553924705053215,1.3008749261164096
HAL,Halliburton Co.,Energy,0.44485549296761495,0.2860387739604708,0.32799984333214577,0.2689748072218321,0.889774998572567
HBI,Hanesbrands Inc,Consumer Discretionary,0.2805856446614769,0.3134616552742192,0.10848496736348806,0.8013839645914116,0.7946664764125978
HIG,Hartford Financial Svc.Gp.,Financials,0.02934042067897345,0.1641656636298204,1.14175543625972,0.6699509092932266,0.9161193761376757
HAS,Hasbro Inc.,Consumer Discretionary,0.6452388100801327,0.4440484913027192,0.5465778979622671,0.5445362215704214,1.3927225694442962
HCA,HCA Healthcare,Health Care,0.4773465009961783,0.17743394213899322,1.4958914350868362,0.1339958691048747,1.389694738768354
PEAK,Healthpeak Properties,Real Estate,0.34864387610402753,0.5077681227150526,0.4540854323058581,0.3734748809201029,1.0431667424335243
HSIC,Henry Schein,Health Care,0.17125211970822785,0.43846138801117707,0.8595574403662557,1.017367412983632,1.2131640353942692
HES,Hess Corporation,Energy,0.3494706682986272,0.4919498691297477,0.23033561880112624,0.2877696228099209,0.8953342729329901
HPE,Hewlett Packard Enterprise,Information Technology,0.5881881708343941,0.08797960468578175,1.2505767242478816,1.0716454584777466,1.5965558937817061
HLT,Hilton Worldwide Holdings Inc,Consumer Discretionary,0.4220552476849583,0.6799046380620536,0.7279108326094456,0.6790453139182634,1.4656575048085976
HFC,HollyFrontier Corp,Energy,0.2756613153933312,0.3842266034943712,0.3231407953295019,0.2578239380225004,0.783537516910892
HOLX,Hologic,Health Care,0.582306100796624,0.5177848328234457,0.6680561339264367,0.9741115077327066,1.5710170030560664
HD,Home Depot,Consumer Discretionary,0.5957340419860019,0.9402040499128096,0.4941958049131426,0.3973384188099616,1.6201763050245286
HON,Honeywell Int'l Inc.,Industrials,0.1174513898548658,0.3775431877395157,0.583798319681305,1.0813983584606055,0.9980502886513609
HRL,Hormel Foods Corp.,Consumer Staples,0.3162005813997313,0.4102535206590642,0.4195921872269369,0.4626064637438945,0.951956078597713
HST,Host Hotels & Resorts,Real Estate,0.4840463832671888,0.5042345199373826,0.33992076451661685,0.33465512425749266,1.1073674667589126
HWM,Howmet Aerospace,Industrials,0.6513323321187545,0.9925430035233296,0.12314428259092468,0.7406073700882607,1.6298667869070258
HPQ,HP Inc.,Information Technology,0.3288404677677588,0.226160702337258,0.20804347131430345,1.5391717697593572,1.0529262259887981
HUM,Humana Inc.,Health Care,0.08754314605582902,1.0212584835981338,0.9121411644750682,1.3498622191366534,1.6634533325530527
HBAN,Huntington Bancshares,Financials,0.4454290275173456,0.5224225502392462,0.6848881708261776,1.0804612454136666,1.4777072717220066
HII,Huntington Ingalls Industries,Industrials,0.5453835522243378,1.1540075438837654,0.5211766080571929,0.8970981318933829,1.8829065765395847
IEX,IDEX Corporation,Industrials,1.0207896193839352,0.1362642305772842,0.5300661871485128,0.09577410511166637,1.4099399058957904
IDXX,IDEXX Laboratories,Health Care,1.692921234621234,0.28002057596799623,0.3418878347948348,1.3817578086049431,2.4744068977777314
INFO,IHS Markit Ltd.,Industrials,0.1732465706396621,1.000254956417325,0.2835002195630934,1.051978936603235,1.3307688308943069
ITW,Illinois Tool Works,Industrials,0.6803445910781575,0.8462199673541935,0.9993156610630862,1.4242781097885475,2.1996398316942
ILMN,Illumina Inc,Health Care,1.6581055235444009,1.2672485983066817,0.39805844309107496,0.17069555259877256,2.795417429684247
INCY,Incyte,Health Care,1.0020603695038215,0.29247814179145976,1.4382645850173377,0.9470101181203664,2.210030396702622
IR,Ingersoll Rand,Industrials,0.3749269796249724,1.671249743165084,0.3654350833965708,0.4202721597246553,1.8536009894562129
INTC,Intel Corp.,Information Technology,0.8374281817965419,0.4077741526518456,0.5778523212706215,1.1266502287937228,1.7497913179262614
ICE,Intercontinental Exchange,Financials,0.14177240897812576,0.1766476196891375,0.07735258070665373,0.4897655361148657,0.45103169394830855
IBM,International Business Machines,Information Technology,0.03397445269186272,0.6023557923112404,0.21930007938980872,0.6292097502732951,0.7540364720866238
IFF,International Flavors & Fragrances,Materials,0.5246886338451644,0.3783648637467536,1.3800790845018232,0.3749660216150199,1.5920733872033095
IP,International Paper,Materials,1.3658895324282,0.16673785109078976,0.8276598286181438,0.4323741358812133,2.026148183265189
IPG,Interpublic Group,Communication Services,0.4243246271818397,0.2830907042741984,0.6682227538570633,0.27962834333412634,1.0404880001025483
INTU,Intuit Inc.,Information Technology,0.06764252878548703,1.3800482432919696,1.1069293320760691,0.5986586782779023,1.7667385686112707
ISRG,Intuitive Surgical Inc.,Health Care,0.3854517393764686,0.2445850817352152,0.9373344812753848,1.2573283142973306,1.402527031518011
IVZ,Invesco Ltd.,Financials,0.11710104710383855,0.5411770885498136,0.3775133737720894,0.3166829475897317,0.7796865802516724
IPGP,IPG Photonics Corp.,Information Technology,1.2729519536404823,0.1340711534553945,0.4807495930058092,0.1553222021762756,1.6537732182150457
IQV,IQVIA Holdings Inc.,Health Care,1.4391289818468995,1.2809018006956463,1.2608071206831926,0.1148596602510572,3.0006217007507647
IRM,Iron Mountain Incorporated,Real Estate,0.2883016637928537,0.4382007811534517,0.3231891256800285,0.430912148765436,0.8859104180699149
JBHT,J. B. Hunt Transport Services,Industrials,0.5790044962428363,0.5957718661391094,0.3309039828859969,0.6874082582098601,1.3677192714461692
JKHY,Jack Henry & Associates,Information Technology,0.4323355075340941,0.010144404518866043,1.427068096515718,0.16977080252366689,1.2039018797122594
J,Jacobs Engineering Group,Industrials,0.09280661692657223,0.7915109522309804,0.5539092654988891,0.4739169509414948,1.0659940015201514
SJM,JM Smucker,Consumer Staples,0.5333112464835644,0.2875743975136775,0.3343366785332029,0.3711143988836761,1.013115983674843
JNJ,Johnson & Johnson,Health Care,0.055406398306991685,0.18475070039347014,1.4188187890913089,0.510627116685906,1.047329418133847
JCI,Johnson Controls International,Industrials,0.3282661486385334,0.5328274867796203,0.0015626826776630742,0.8680078798834983,0.9624290946881486
JPM,JPMorgan Chase & Co.,Financials,0.40848781226099706,0.0999383122373532,0.2513014030173182,0.3874996383456584,0.720345223839501
JNPR,Juniper Networks,Information Technology,0.5231377564583174,0.3609527898955961,0.9293976393532124,1.6521470559162548,1.7361476458367173
KSU,Kansas City Southern,Industrials,0.5115210261087356,1.01791244377516,0.5980883970307911,0.9598460554503531,1.811057751901849
K,Kellogg Co.,Consumer Staples,0.31438839751504594,0.37046051086143067,0.29092261145488,0.5439350036197137,0.8823525619314014
KEY,KeyCorp,Financials,1.1851931299779217,0.6713667162672954,0.614838833596753,0.2374402197525668,2.0338013140891746
KEYS,Keysight Technologies,Information Technology,0.15900630436510865,0.14781972914295824,0.21157562422003406,0.6994565531836102,0.5781048928302794
KMB,Kimberly-Clark,Consumer Staples,0.1982077676345751,0.417143759653588,0.2733226849903073,0.4272417618028841,0.7550422704281057
KIM,Kimco Realty,Real Estate,0.4168817944843621,0.3885896555029665,0.5477577445492147,0.4456484942733186,1.0964679738930414
KMI,Kinder Morgan,Energy,0.2595737084644504,0.4316070249508071,0.4418983266735976,0.1142363067055246,0.8169186812784716
KLAC,KLA Corporation,Information Technology,0.7093834196914913,0.11522376693209525,0.6718282925813502,0.2931472756391714,1.2138983855263847
KSS,Kohl's Corp.,Consumer Discretionary,0.45490553417822494,0.7826702961432914,0.6428596610273571,0.4745005686426639,1.4665547425850065
KHC,Kraft Heinz Co,Consumer Staples,0.5112466783422858,0.4689404105171299,0.323856264398227,0.3853628003776117,1.1170419380166738
KR,Kroger Co.,Consumer Staples,0.2834654063603645,0.41140521310170414,0.4528649208727009,0.2395487895154038,0.869746152822529
LB,L Brands Inc.,Consumer Discretionary,0.4475308181779899,0.4928541560706818,0.6271796882782444,0.3428652060361897,1.2089781333774463
LHX,L3Harris Technologies,Industrials,0.6916533504086813,0.29931926842131906,0.15374618762551318,0.8485453447712119,1.2326135355477248
LH,Laboratory Corp. of America Holding,Health Care,0.966863468345346,0.4161469741700623,0.4480678568068851,0.2623086601531771,1.5608928767137853
LRCX,Lam Research,Information Technology,0.2488941936985595,1.2990092488819889,1.133366857694544,0.608201093789605,1.9073444249001053
LW,Lamb Weston Holdings Inc,Consumer Staples,0.34239891517000337,0.2759369753663057,0.4172626009494464,0.3035332668734444,0.8352460784631739
LVS,Las Vegas Sands,Consumer Discretionary,0.5836695054604177,0.5680095811137608,0.8270992093589589,0.5566306471814405,1.561815011073962
LEG,Leggett & Platt,Consumer Discretionary,0.6061913344962432,0.14381243182685954,0.4781955949965501,0.6457432142835638,1.139680798558389
LDOS,Leidos Holdings,Information Technology,0.14818748570751406,1.0834334575305822,0.017569805687184678,0.2796241102545337,0.999263041898874
LEN,Lennar Corp.,Consumer Discretionary,0.5247318541004188,0.4154585006319138,0.3540226701620213,0.4343011849075824,1.1228544950960437
LLY,Lilly (Eli) & Co.,Health Care,0.6868007768874781,0.022155613829587084,1.0374410475132898,0.687564979285079,1.4272997241103575
LNC,Lincoln National,Financials,0.7000619603128296,0.062376701977445416,0.3378101769508565,0.16583252246990707,0.9623804969134419
LIN,Linde plc,Materials,1.2005490621794002,0.05824126459614565,0.3046023310951297,0.535647236709055,1.5543132839569835
LYV,Live Nation Entertainment,Communication Services,0.26907178049605673,0.5185776326962751,0.3904720171652397,0.3296989403900066,0.9262218140830712
LKQ,LKQ Corporation,Consumer Discretionary,0.4504755639375306,0.5803526809250672,0.41673341157400573,0.2710692314538621,1.146409915808239
LMT,Lockheed Martin Corp.,Industrials,1.3063302033282496,0.7244554478233208,0.002726806954961192,1.0550975342045843,2.13134168054343
L,Loews Corp.,Financials,0.3524920483745033,0.6960669114861798,0.17934416990102695,0.13674636203862112,0.970434879976929
LOW,Lowe's Cos.,Consumer Discretionary,0.7272994200981264,0.7947811169395963,0.7182250561117888,0.7640691710877306,1.8719794813380572
LYB,LyondellBasell,Materials,0.016970676380033772,0.5151555367554819,1.2217998933149332,1.8218978589854689,1.5350488564619784
MTB,M&T Bank Corp.,Financials,0.921892538527484,0.17231203694962707,0.490792845937606,0.15406176746773215,1.3341259176013458
MRO,Marathon Oil Corp.,Energy,0.21548932115539135,0.3092460691363741,0.306373471151348,0.3798385509696005,0.6990998704174073
MPC,Marathon Petroleum,Energy,0.2441816887875332,0.20567408595459294,0.3113698352111726,0.019435760952471848,0.5496691948470762
MKTX,MarketAxess,Financials,0.4371523768174957,0.005212052049658314,0.18546258968342766,0.13958603366342334,0.5754079181929973
MAR,Marriott Int'l.,Consumer Discretionary,0.43411319349770217,0.4263058424536661,0.5543938474810101,0.8534633720766549,1.26576321857877
MMC,Marsh & McLennan,Financials,0.443610748306,0.6289570675259933,1.4629257581905566,0.6676468334519552,1.81563762470506
MLM,Martin Marietta Materials,Materials,0.9883834836170104,1.1910375245482523,0.09810777886906533,1.4158496055047167,2.2959185218867346
MAS,Masco Corp.,Industrials,1.1931179343237543,0.6900551904246195,0.051064535508138435,0.26836580989514963,1.782198578343602
MA,Mastercard Inc.,Information Technology,1.4274850926111209,0.6116228879692529,0.7917101379585486,0.6460225137390954,2.445282937290601
MXIM,Maxim Integrated Products Inc,Information Technology,0.9191416066719488,1.2345297368876609,0.5275939248928206,0.6636675490830212,2.246209649664628
MKC,McCormick & Co.,Consumer Staples,0.3646515437970698,0.5500553613086389,0.3723502994703569,0.4758583588708313,1.0786229541095447
MCD,McDonald's Corp.,Consumer Discretionary,0.4419727644552017,0.5491549127214264,0.8107725283633342,0.5772770688264213,1.4049505881897937
MCK,McKesson Corp.,Health Care,0.11135516502061947,0.17870616036263332,1.4822662362702896,0.6123354171940326,1.1612832205678174
MDT,Medtronic plc,Health Care,1.0128951677964129,0.3490553487387624,0.03878268894969561,1.363267913658568,1.6856056304859646
MRK,Merck & Co.,Health Care,0.4603031518591877,0.3186400602832383,0.29599423277953485,1.7826011870040133,1.366128666548426
MET,MetLife Inc.,Financials,0.11680269416728843,0.15984426657238507,0.292990857947142,0.013094595656906752,0.379117488438601
MTD,Mettler Toledo,Health Care,0.8856317519630603,0.329956023413966,0.29661580033707896,1.029962780687597,1.5738977027276553
MGM,MGM Resorts International,Consumer Discretionary,0.6354004559727345,0.7363276400319554,0.7730200748828553,0.4444289153663529,1.6706685160464367
MCHP,Microchip Technology,Information Technology,0.7510818462062571,0.12910066496336794,0.4157011968341993,0.4089719139272897,1.1719944842759011
MU,Micron Technology,Information Technology,0.5824491048555918,0.3779060465943481,0.63174076556463,0.2725839994660585,1.244628920093768
MSFT,Microsoft Corp.,Information Technology,0.6140857447825997,0.6541572591345932,0.1393661619498521,0.5923619448249571,1.3193874905992282
MAA,Mid-America Apartments,Real Estate,0.4161719082242967,0.5000991398355819,0.2345156863885698,0.3488352966782251,0.9881497383069564
MHK,Mohawk Industries,Consumer Discretionary,0.21678014907117327,0.6021367895735521,0.30673983321643705,0.3868317465325924,0.907695342340656
TAP,Molson Coors Beverage Company,Consumer Staples,0.3897468919103865,0.6670716093703752,0.3595965541144948,0.3716313814975852,1.1479847099761722
MDLZ,Mondelez International,Consumer Staples,0.1997600161213154,0.3816136244677181,0.31872868496465057,0.35788788986415315,0.7336202626902892
MNST,Monster Beverage,Consumer Staples,0.4532307320971791,0.2917178821002053,0.4652528552595761,0.37731479614479374,1.0032541160405488
MCO,Moody's Corp,Financials,0.4113726661477294,0.7182053691411009,1.292122864372169,0.5474148248208641,1.7244023041788437
MS,Morgan Stanley,Financials,0.3329930426920099,0.18440693704590755,0.27077432051336026,0.7753835224307077,0.8300801156100376
MSI,Motorola Solutions Inc.,Information Technology,0.17344070496767813,0.5364491111845138,0.12174588684715212,0.4093407537944575,0.7326302523587511
MSCI,MSCI Inc,Financials,0.6625561326676807,0.7727532855976765,0.4291799239340114,0.031682467604921744,1.4275781348345364
MYL,Mylan N.V.,Health Care,0.608403282686218,1.4462313586366515,0.908986464252664,0.1641861361247226,2.1245143066956227
NDAQ,Nasdaq Inc.,Financials,0.2286058285728617,0.4114132041565971,0.4999655614004862,0.3950451724306825,0.8850914039119274
NOV,National Oilwell Varco Inc.,Energy,0.23518340963899875,0.31259600609746524,0.2993812253031231,0.43775332286211177,0.7350172234174195
NTAP,NetApp,Information Technology,1.2731780883519337,0.4400889600787939,0.9589365183200452,0.1725891843202269,2.11248537486318
NFLX,Netflix Inc.,Communication Services,0.4902533759463129,0.20470657601134687,0.4788703107676662,0.42145522976483774,0.9994197034675402
NWL,Newell Brands,Consumer Discretionary,0.6419789730870522,0.6704621688194018,0.5197390950614321,0.8152925877478456,1.615759815115703
NEM,Newmont Corporation,Materials,0.017750339343583967,0.9005052342021502,0.036569567051788016,0.5568465831130022,0.8334427617448837
NWSA,News Corp. Class A,Communication Services,0.30978841330815915,0.4892894130829777,0.34182941866109745,0.4155291959187347,0.9478644705724126
NWS,News Corp. Class B,Communication Services,0.24938489678802955,0.3120048121909986,0.5212898347985888,0.2463735567667721,0.8023452497510546
NEE,NextEra Energy,Utilities,0.2746424001400741,0.32667926232481626,0.2790504923491137,0.32679112176614183,0.7408804664718449
NLSN,Nielsen Holdings,Industrials,2.025525517613011,1.6335589421731032,0.7326561030143223,2.2398235862779594,4.207291904524732
NKE,Nike Inc.,Consumer Discretionary,0.36199206427225694,0.555818985711817,0.27548014910037394,0.5808897522692864,1.0630723545015017
NI,NiSource Inc.,Utilities,0.34918028809113044,0.14561703326131747,0.09960014708507488,0.4516433012051145,0.6364052752781244
NBL,Noble Energy,Energy,0.33040913593165233,0.20234951415164887,0.16579322918644246,0.2519000883394407,0.6305204369328599
NSC,Norfolk Southern Corp.,Industrials,1.8756818357072909,0.465427405306028,0.4429668435680653,0.2428830381720457,2.495829352657157
NTRS,Northern Trust Corp.,Financials,0.24853245090561316,0.419712034725568,0.4619611245897837,0.2891343361772469,0.8600517383615767
NOC,Northrop Grumman,Industrials,0.4989916660222695,1.2821071086157048,0.9008494690669122,0.2723255053153845,1.9285890281813343
NLOK,NortonLifeLock,Information Technology,0.3132717479741461,0.5777723355596011,1.5685052854347783,1.8255086098497608,2.0496176085381843
NCLH,Norwegian Cruise Line Holdings,Consumer Discretionary,0.4727335882756221,0.3119330159111656,0.23684160041702115,0.5717651494161565,0.9810370444467955
NRG,NRG Energy,Utilities,0.14207485315692892,0.3359391901241,0.25452989411921234,0.11018622720890787,0.5375531014660774
NUE,Nucor Corp.,Materials,0.6584813999276571,0.2121261525040945,1.126948337095201,1.063435279271034,1.6894744590094337
NVDA,Nvidia Corporation,Information Technology,2.0045979477987017,0.5529842745381219,0.5855212476287333,0.3074051983955781,2.7766691233084275
NVR,NVR Inc.,Consumer Discretionary,0.23937365977929334,0.6605298481646295,0.2845700254325453,0.3996668810023983,0.9639296305115261
ORLY,O'Reilly Automotive,Consumer Discretionary,0.7741540733337918,0.5547065964107806,0.5243829077762078,0.7092519700998609,1.6374157357394004
OXY,Occidental Petroleum,Energy,0.3199746170200293,0.4340512972148573,0.14679472278106567,0.225309316370702,0.7648006813721728
ODFL,Old Dominion Freight Line,Industrials,0.18066482130016212,0.1167190468195865,0.4832807279798694,0.7802103697125315,0.7380716289775667
OMC,Omnicom Group,Communication Services,0.34077414591603755,0.4810919817199184,0.4418666593594358,0.5760274779206909,1.0712801061759056
OKE,ONEOK,Energy,0.04865348601687058,0.3442933862571175,0.4956573241110216,0.08648937392987632,0.5634343306313264
ORCL,Oracle Corp.,Information Technology,0.5382304837796423,0.2780807030140764,0.6483887784214868,1.403728843109347,1.4782000180330432
OTIS,Otis Worldwide,Industrials,0.06698936645856207,0.1567123014758941,0.33822573461545496,0.2132037532705568,0.40976197078058246
PCAR,PACCAR Inc.,Industrials,0.0858218716932096,0.5321696132724221,0.016340907413473715,0.8236551183413812,0.7136075901930562
PKG,Packaging Corporation of America,Materials,0.18971590184498632,0.8307868854050948,0.5712033597599693,2.0175706848755186,1.6621396069711927
PH,Parker-Hannifin,Industrials,0.468268221243533,0.08100332466828561,0.7971975654904426,0.2935139275625362,1.0116235095253152
PAYX,Paychex Inc.,Information Technology,0.1705427500752057,0.9008712299617668,0.6189621162429628,1.0103214470268986,1.4137301032779934
PAYC,Paycom,Information Technology,0.9669819935887364,0.4877703627753449,0.2457071635772545,2.0198627763943344,2.037233662238405
PYPL,PayPal,Information Technology,0.5879066646702703,0.36162056976253204,0.7301482788217435,0.6399486334086464,1.3980997929375083
PNR,Pentair plc,Industrials,0.2652350869982281,0.15853561093885732,0.12240821917162685,0.1902356679904976,0.49448482463839094
PBCT,People's United Financial,Financials,0.1959927405640249,1.1328975537915789,0.15369883221458033,0.03976586045514019,1.0778002024619624
PEP,PepsiCo Inc.,Consumer Staples,0.33413377004643585,0.4054266908338725,0.3816508821094859,0.3783451624836371,0.9222614434299807
PKI,PerkinElmer,Health Care,0.5784900726972679,0.22996710374937426,0.7780816273661431,0.4885723319380934,1.2750795585863295
PRGO,Perrigo,Health Care,0.3635106608147388,1.2619157193803172,0.4439761383290818,1.1473700602479966,1.8130507516199006
PFE,Pfizer Inc.,Health Care,0.8338202554150231,1.0997154852949174,0.3741442786074157,0.8442386119405468,2.0439648180073373
PM,Philip Morris International,Consumer Staples,0.3525955394524899,0.39579639687594864,0.3967940123904009,0.3362581702125161,0.9289274745246091
PSX,Phillips 66,Energy,0.2724401312609772,0.24713441070114525,0.3172212982021856,0.10155890478726863,0.6345125392890523
PNW,Pinnacle West Capital,Utilities,0.19557607507644045,0.17979042790006974,0.5368803793750455,0.4188406480994769,0.715521758723855
PXD,Pioneer Natural Resources,Energy,0.16431896367750182,0.22498522797695253,0.2909834906830329,0.3189214479413193,0.5629768029852809
PNC,PNC Financial Services,Financials,0.12642143231665715,0.8057250266612528,0.33260763674164084,0.6627366116830488,1.055553752855269
PPG,PPG Industries,Materials,0.300057551720032,0.3352833603457649,0.7969649975518587,0.17044503424037066,0.984371913010108
PPL,PPL Corp.,Utilities,0.31636354806908745,0.3024793582736443,0.19984403992716948,0.030556712275958905,0.6371881325070109
PFG,Principal Financial Group,Financials,0.5341407043434699,1.0544395164243052,0.4728468340327966,0.2646342843643841,1.588062068166197
PG,Procter & Gamble,Consumer Staples,0.2740760564016964,0.5953794022147705,0.7055225456826931,0.2839766378558253,1.1287959021501297
PGR,Progressive Corp.,Financials,0.21678132857140495,1.044905508451802,0.3616548127111623,0.2408083880623191,1.201285107261943
PLD,Prologis,Real Estate,0.4284025556705135,0.5101537382400184,0.3331601800882801,0.4107314409588379,1.0753096947703178
PRU,Prudential Financial,Financials,0.18585676408544607,0.4865643321135326,0.31041396885510497,0.3664203899498082,0.7915848979774139
PEG,Public Service Enterprise Group (PSEG),Utilities,0.4641546477831578,0.1147584682796651,0.30389137781947057,0.21863610048098486,0.762022094632954
PSA,Public Storage,Real Estate,0.35949564364335285,0.6067340392706319,0.3998194827206429,0.3437797136101777,1.08725312657617
PHM,PulteGroup,Consumer Discretionary,0.4452617046196416,0.4295108307578096,0.07615035451771951,0.7657729605767842,1.0137263515820032
PVH,PVH Corp.,Consumer Discretionary,0.27029033135636993,0.753577002499665,0.3709444318690491,0.22565608329820736,1.0509632740301222
QRVO,Qorvo,Information Technology,0.09082148451694193,1.31364520618811,0.06423572213062909,0.7541584194910775,1.2687385157612567
QCOM,QUALCOMM Inc.,Information Technology,1.8980134308572119,0.2897244158894138,0.4069537406747684,0.5600237459314937,2.4723045160966337
PWR,Quanta Services Inc.,Industrials,0.7449186656285058,0.37111314376519217,1.849304385754578,0.3827257388090271,2.0441677807841376
DGX,Quest Diagnostics,Health Care,0.08881878185320402,0.2918302533680638,0.8021842406627262,0.6844862660594888,0.8995379593600583
RL,Ralph Lauren Corporation,Consumer Discretionary,0.7438680512960705,0.5638878365394762,0.5287883975974716,0.5791862907125431,1.5767396228862027
RJF,Raymond James Financial Inc.,Financials,0.13493654411766284,0.19081942508654687,0.3177784698594444,0.15780343207661246,0.47474040623095154
RTX,Raytheon Technologies,Industrials,0.7353715467947429,1.6062275347577362,0.08269458781958575,1.1675639756352396,2.251347307725523
O,Realty Income Corporation,Real Estate,0.42466428800062855,0.4252811069112639,0.3596399385880239,0.4011855349655887,1.0225366926222017
REG,Regency Centers Corporation,Real Estate,0.4520055419296502,0.3444149233193925,0.30834637825035394,0.3687465600798019,0.9578931454023425
REGN,Regeneron Pharmaceuticals,Health Care,0.4124750034655453,0.8090609239630828,0.23533463235068536,0.9917405987448866,1.394007146038512
RF,Regions Financial Corp.,Financials,1.2677401667796155,0.38545907508669497,0.7721756681126483,0.16368878591419067,1.9727559891708832
RSG,Republic Services Inc,Industrials,1.1663065816027405,0.6499251133836166,0.07052991100747208,0.18224216814198527,1.7111917669176038
RMD,ResMed,Health Care,1.0549609658086307,0.1405599854848263,0.4556727474406556,1.44201649394571,1.81379427755205
RHI,Robert Half International,Industrials,0.19606125105650085,0.28746122696630105,0.5100632494971893,0.4007192591851352,0.7725315124370469
ROK,Rockwell Automation Inc.,Industrials,0.6239909509368029,0.2502684544375031,0.7879494383809289,0.15254210683487565,1.238916220283982
ROL,Rollins Inc.,Industrials,1.155151463247291,0.8765020266894543,0.3059359803631838,0.6548898070018505,2.118137814212056
ROP,Roper Technologies,Industrials,0.680501990395169,0.05249036699096188,0.5167395347535703,0.11797145389633075,1.0110064508345267
ROST,Ross Stores,Consumer Discretionary,0.6432050865627521,0.7987669702206182,0.6764389597408246,0.7935010011987503,1.7786117459472222
RCL,Royal Caribbean Group,Consumer Discretionary,0.5355327798813022,0.4221985048603648,0.5060884855537724,0.9152208241623538,1.3586822233091498
SPGI,S&P Global Inc.,Financials,0.8480376687842879,0.406587699951229,0.1974645944319441,0.3385044127212671,1.3329326797825003
CRM,Salesforce.com,Information Technology,0.4579602885395125,1.2617117418173145,0.3642876419280297,1.534844303613435,1.983755619859678
SBAC,SBA Communications,Real Estate,0.3767564379315641,0.4100228618516351,0.3870225333284839,0.4936026175983984,1.00536449317147
SLB,Schlumberger Ltd.,Energy,0.39540910244184857,0.2455132494971612,0.27015263890946234,0.2278540905975797,0.7707009237238666
STX,Seagate Technology,Information Technology,0.2815737118617944,0.9185380439350692,0.19394729172286765,1.159615557953914,1.3694086558639509
SEE,Sealed Air,Materials,1.0915715814062297,0.27919348882993245,1.0252074950004022,0.3835142295461935,1.9146650399512417
SRE,Sempra Energy,Utilities,0.20047994141203326,0.5074279214422014,0.5055624331494312,0.10028953305370522,0.8385475629124014
NOW,ServiceNow,Information Technology,0.2769424505279349,0.7368415386684259,0.4498098826221666,0.6672589391861456,1.21781415066276
SHW,Sherwin-Williams,Materials,0.6766040370757738,0.3847274251617796,0.5726873466797989,0.3730340969724191,1.3441671371206447
SPG,Simon Property Group Inc,Real Estate,0.3067070884579056,0.16139549078979112,0.3559316231868048,0.2619623405725531,0.6762384457759277
SWKS,Skyworks Solutions,Information Technology,0.4020877803815046,0.3134122010718109,0.1861456686065444,0.4794974843391218,0.8583984007367809
SLG,SL Green Realty,Real Estate,0.163539316260467,0.1787544972765842,0.30402102338757153,0.23261851878649964,0.5104635316838116
SNA,Snap-on,Industrials,0.590000334758757,0.265631884705036,0.8430139647373345,0.5887601151492607,1.3740776709657276
SO,Southern Company,Utilities,0.01956755737128274,0.18003559142631104,0.4659286404461556,0.30539826122436337,0.47017626996008727
LUV,Southwest Airlines,Industrials,0.8548958751938807,0.6328324871023498,0.6205475734794907,0.31859963448172496,1.7037322932497885
SWK,Stanley Black & Decker,Industrials,0.5268067566244251,1.7227553469045558,0.5907258798242035,0.8082461577322664,2.2705722866893963
SBUX,Starbucks Corp.,Consumer Discretionary,0.5561066782449103,0.23308508384355525,0.6816703699489077,0.8558684251488031,1.3168619494544938
STT,State Street Corp.,Financials,0.09594869658507166,0.3657651795682129,0.5882668145826224,0.005559600153395544,0.6477856096201505
STE,STERIS plc,Health Care,1.331249981334968,0.08918648121754336,0.24319649706011304,1.346980813397867,1.919373010736665
SYK,Stryker Corp.,Health Care,0.5174050928802687,0.28328470593768,1.079405699048131,1.3250695053879933,1.6529280881771082
SIVB,SVB Financial,Financials,0.7964324106358251,0.220613360735019,0.4627974845025095,0.018020505080439425,1.187666656925725
SYF,Synchrony Financial,Financials,0.7296682069570162,0.08307629290962397,0.07026988131589154,0.3956961407831857,0.9416653948866543
SNPS,Synopsys Inc.,Information Technology,0.7802885325172683,0.13568675545950604,0.6099960429487414,0.7782832929153435,1.4137522706878962
SYY,Sysco Corp.,Consumer Staples,0.3674410897505009,0.43851784198034893,0.4463633809550319,0.32177172679146504,0.9941167876517005
TMUS,T-Mobile US,Communication Services,0.28500106929159585,0.4370521217501053,0.3181349072509273,0.5118887746731093,0.903571640544066
TROW,T. Rowe Price Group,Financials,0.5981890633913435,0.4325457740557325,0.0529880192538357,0.033666900239994774,0.9375651849292724
TTWO,Take-Two Interactive,Communication Services,0.3155519832577577,0.23798532568723746,0.3801417423855241,0.38444842772941856,0.7875471107504115
TPR,Tapestry Inc.,Consumer Discretionary,0.8330193921727529,0.6106320542819103,0.4075383349609668,0.7148616871847319,1.678689503805993
TGT,Target Corp.,Consumer Discretionary,0.651613749865991,0.4041058433790741,0.36461954747227704,0.15222754517739867,1.1624658775207009
TEL,TE Connectivity Ltd.,Information Technology,0.4665212577212618,1.1870211419381431,0.8666720665716071,0.44664001781080603,1.8647640957070073
FTI,TechnipFMC,Energy,0.2351176820369064,0.2562676792721977,0.4206853569553281,0.3499885477328828,0.7298443003249736
TDY,Teledyne Technologies,Industrials,0.11391812730656785,0.6298144618998822,0.08903268869434318,1.490416227536321,1.0464294632445532
TFX,Teleflex,Health Care,0.040977576255672665,0.3162530268262441,0.7193529686959586,0.2792595049296056,0.7058090308609045
TXN,Texas Instruments,Information Technology,1.0323602416404398,0.444875668303641,0.526956437965517,0.9110145693982608,1.880555799255225
TXT,Textron Inc.,Industrials,0.3078626011406888,0.7344909808086122,0.4272004169100411,0.6435351213034999,1.228667032552788
BK,The Bank of New York Mellon,Financials,0.44095303479516734,0.5124104074936819,0.26156379984096745,1.227668777364289,1.298722853170515
CLX,The Clorox Company,Consumer Staples,0.30947118814218416,0.4565750170752282,0.4882265943255102,0.5267050362976238,1.0311985081468862
COO,The Cooper Companies,Health Care,1.156906539540098,0.12604760114189295,1.1539293101253456,0.07769151795251705,1.845411970787851
HSY,The Hershey Company,Consumer Staples,0.5498721687124546,0.4483903166054931,0.6066222244322005,0.5997849383659132,1.346991984062174
MOS,The Mosaic Company,Materials,0.4101658257264491,0.9545983905294346,0.2371687912946628,0.4821656615737474,1.341618793216509
TRV,The Travelers Companies Inc.,Financials,0.18451428309778625,0.4898696500602975,0.4586613241598004,0.3115441551821573,0.8502169467745418
DIS,The Walt Disney Company,Communication Services,0.4408448244326415,0.25189187012783343,0.440125702112152,0.4734663253324269,0.9792718821779289
TMO,Thermo Fisher Scientific,Health Care,0.6443076847133595,1.6061296916989565,0.4757877056870693,0.7251774626905109,2.224045560553317
TIF,Tiffany & Co.,Consumer Discretionary,0.6990414841721533,0.3274648623651833,0.7472280164969535,0.6088641738148828,1.484540148220723
TJX,TJX Companies Inc.,Consumer Discretionary,0.37760352743347547,0.17881814223045756,0.6071033886387778,0.7861704250010062,1.0421790488144864
TSCO,Tractor Supply Company,Consumer Discretionary,0.6395654415246329,0.23264180054142336,0.45597003790630497,0.3341954712713705,1.1306583622381927
TT,Trane Technologies plc,Industrials,0.14793921031704638,0.39637314177895616,1.2714601646638644,0.4050533107023947,1.1826464851049663
TDG,TransDigm Group,Industrials,0.3483691007544101,0.2568943555387105,0.5136832072184652,1.0933693541190233,1.1130475594764468
TFC,Truist Financial,Financials,0.03045044867014822,0.2797447025466163,0.284683063597189,0.949660655846544,0.6535114690053374
TWTR,Twitter Inc.,Communication Services,0.3210050622589522,0.480815397186775,0.5163299404891678,0.25169911877492,0.9912505461667546
TYL,Tyler Technologies,Information Technology,1.4779840196465728,1.0551869940946248,0.36278860322046297,0.2234148545321921,2.4650336734826994
TSN,Tyson Foods,Consumer Staples,0.3193602511911093,0.38328524640228895,0.4798767681755324,0.3939824126320252,0.9457930315500854
USB,U.S. Bancorp,Financials,0.6176251832606785,0.9483016726473062,0.3337832726505903,0.35253222892440594,1.55408765911641
UDR,UDR Inc.,Real Estate,0.5050144297765511,0.4721055740486852,0.4470108403157368,0.34898999587835466,1.1636907505320055
ULTA,Ulta Beauty,Consumer Discretionary,0.4015332903295368,0.4400698522397711,0.6306870328681262,0.5921060706801811,1.202557524535494
UAA,Under Armour (Class A),Consumer Discretionary,0.5166149625349999,0.7200183776205165,0.293056455030835,0.27789513284965595,1.250524594239676
UA,Under Armour (Class C),Consumer Discretionary,0.18479042115163813,0.3638801223987412,0.3638297952436492,0.2535365887993694,0.6974823810923924
UNP,Union Pacific Corp,Industrials,1.989218984764407,0.27003764895074217,0.9351233801844498,0.6912766878969976,2.8531900354912505
UAL,United Airlines Holdings,Industrials,0.7492891920320621,0.17425337441961608,0.6710879874649468,1.5498445159244496,1.6717639026356015
UNH,United Health Group Inc.,Health Care,0.4276493704656833,0.7298864020205279,0.8679026484493708,0.7029159315660669,1.5833959555745583
UPS,United Parcel Service,Industrials,0.22889974384007786,0.9016139054701012,0.054105729828420684,0.3119374794978093,0.9806635864327017
URI,United Rentals Inc.,Industrials,0.5494293111532229,1.4238341579361151,0.016190111109191663,0.6555987184124494,1.750887892786834
UHS,Universal Health Services,Health Care,0.3801184936101335,0.4495187419016258,0.8908439469874746,1.0123399279677194,1.4439055648253247
UNM,Unum Group,Financials,0.4461191742836373,0.14453934619273925,0.206942206904248,0.05796106749193549,0.6681561403182593
VLO,Valero Energy,Energy,0.3019339337746046,0.3967179154463319,0.4704464164914714,0.3358349371185281,0.915610163968331
VAR,Varian Medical Systems,Health Care,0.36148417972468544,0.07880134539631256,0.1568699017339819,1.0966135529506391,0.8240641382542868
VTR,Ventas Inc,Real Estate,0.4119709119714225,0.3391812317137278,0.33071928176167675,0.32748947133174805,0.9130042564513948
VRSN,Verisign Inc.,Information Technology,0.4778108665065229,1.0305423376946106,1.2878138162292263,0.5581768467581384,2.010550465034805
VRSK,Verisk Analytics,Industrials,1.108419478290085,0.6475843039075468,0.5092031947244208,0.4947404228105619,1.9647522152307468
VZ,Verizon Communications,Communication Services,0.3343556883000925,0.4269642071436761,0.5671534086788232,0.3920268199385516,1.0344153836216428
VRTX,Vertex Pharmaceuticals Inc,Health Care,0.12092228760612199,0.5558228488276277,0.16821548497879002,0.391861670895791,0.7116645255435936
VFC,VF Corporation,Consumer Discretionary,0.24358217278437194,0.3036105865972986,0.1476446782062028,0.616018066985838,0.7147373426013338
VIAC,ViacomCBS,Communication Services,0.3461097839827314,0.3358624686938476,0.4209069366344735,0.2508071881097699,0.8669091368185925
V,Visa Inc.,Information Technology,0.004336060498448507,0.7949454412651034,0.29077541412361496,0.6541380312230154,0.9024269858127328
VNO,Vornado Realty Trust,Real Estate,0.3134830984484789,0.477102554615384,0.25372563777266605,0.26828260128668124,0.854802485951585
VMC,Vulcan Materials,Materials,0.686615804280279,0.8314484828694821,0.6950738491138899,1.1829004990635963,1.9710368165649403
WRB,W. R. Berkley Corporation,Financials,0.06473618722356961,0.19867272767432345,0.3498666666977982,0.03933867769664074,0.3905420332534873
WAB,Wabtec Corporation,Industrials,0.1339077406267057,0.030361078918686838,0.4707488698876152,1.0930896862827004,0.7184618366984042
WBA,Walgreens Boots Alliance,Consumer Staples,0.3023741843720058,0.5947095678362593,0.3636535357317975,0.40203570740193256,1.0211083619438657
WMT,Walmart,Consumer Staples,0.38967124137023773,0.3687695568003187,0.5514871010832861,0.3397615404528493,1.0254819438079585
WM,Waste Management Inc.,Industrials,0.07894694545887054,1.7507700060643707,0.5488679465371029,0.7732660638465265,1.8108997421264392
WAT,Waters Corporation,Health Care,0.11886669934641253,0.2249645518322858,0.5103252453522652,0.8346178544788003,0.7818898646487853
WEC,WEC Energy Group,Utilities,0.4590208630341669,0.36551209718173305,0.11776442049011825,0.3994447968632605,0.8935949803654173
WFC,Wells Fargo,Financials,0.5373234361109599,0.4579321434254797,0.5260453879421799,0.4657850156290573,1.2606341351686028
WELL,Welltower Inc.,Real Estate,0.5030642263019445,0.4020618622917587,0.4679065501230032,0.27897404965110045,1.1021530198630072
WST,West Pharmaceutical Services,Health Care,0.7096442098425394,1.0366569837379582,0.5834673816538235,0.7852716847973018,1.9626192947252123
WDC,Western Digital,Information Technology,0.7332116512881535,0.743743351165962,1.3412926854806648,0.1436300118921346,1.9675673434122996
WU,Western Union Co,Information Technology,0.5014100965259676,0.39382128634570346,0.9442722722491758,0.5680752336054021,1.4196437031741684
WRK,WestRock,Materials,0.1715797005036602,0.103456863450601,0.3055936399969885,0.5057125887036282,0.5485101015286636
WY,Weyerhaeuser,Real Estate,0.4681276494691544,0.32383985708708274,0.3855212690934572,0.5790036031290187,1.0612772649155464
WHR,Whirlpool Corp.,Consumer Discretionary,0.5394161899463188,0.5663098066761479,0.5143120663351555,0.8162243264858188,1.4378563857329456
WMB,Williams Companies,Energy,0.4007813598399818,0.2675954150394053,0.467635806635534,0.13595760880729682,0.8627033363275215
WLTW,Willis Towers Watson,Financials,0.6597666010669251,0.2299835995590593,0.8976070702768367,0.11218562712403254,1.3032143440338948
WYNN,Wynn Resorts Ltd,Consumer Discretionary,0.7850507957235552,0.5837808061624687,0.5761447814500504,0.5351428310372557,1.6423126000734853
XEL,Xcel Energy Inc,Utilities,0.028942182189997386,0.2524626200075439,0.3266571071700712,0.2962464317081372,0.45786849929275486
XRX,Xerox,Information Technology,0.1004967426584201,0.7423742416628509,0.2733327906996305,0.9214089181157376,1.0332477826069524
XLNX,Xilinx,Information Technology,0.5028740502797516,0.425343776420434,2.319019518787675,0.5219168891791134,2.116699519921627
XYL,Xylem Inc.,Industrials,0.9147603789866644,0.08149803641050818,1.217138385818631,0.5868038388079369,1.7564193490257165
YUM,Yum! Brands Inc,Consumer Discretionary,0.02265060462038959,0.4032773677704896,0.17493986227434485,0.4001996865706733,0.5124745991681068
ZBRA,Zebra Technologies,Information Technology,0.7822007531183464,0.5407159153202526,0.15588784484479734,0.6336842147296227,1.4287510806838086
ZBH,Zimmer Biomet Holdings,Health Care,1.0630899206136402,0.06438342775900674,0.5123665624720692,0.3099113136743652,1.4573149953832893
ZION,Zions Bancorp,Financials,0.5114100385323109,0.6776713609856215,0.4397106224931023,0.13309589461892307,1.245564070854474
ZTS,Zoetis,Health Care,0.08250328424415876,0.012691873393556041,1.066117093455985,0.3365069138114724,0.7253982164910822
