Symbol,Name,Sector,Proportion of women in board,Proportion of women in upper management,Proportion of women in medium management,Proportion of women in lower management
MMM,3M Company,Industrials,0.3838620760620061,0.15242989455519437,0.012686274315127588,0.01883494194391644
AOS,A.O. Smith Corp,Industrials,0.06894201511288534,0.45740801052016267,0.9790611238703195,0.8686476305333688
ABT,Abbott Laboratories,Health Care,0.253830711988569,1.2552138849080443,0.32374822425810945,0.28776222034790155
ABBV,AbbVie Inc.,Health Care,1.4494638112089717,0.8666875717004099,0.3969615848141188,0.5054761233073972
ABMD,ABIOMED Inc,Health Care,0.8599824830622634,0.30991586424916984,0.2295758912912252,0.32776556457316613
ACN,Accenture plc,Information Technology,1.7558472768387605,0.13262336059141608,0.30926089564720793,1.3520386065905228
ATVI,Activision Blizzard,Communication Services,0.39632163633014433,0.5092469076286261,0.3290769452734068,0.506407831794105
ADBE,Adobe Inc.,Information Technology,0.12416469826224832,0.0628148216347088,0.029685389628030717,0.15934362059398346
AAP,Advance Auto Parts,Consumer Discretionary,0.657812458909271,0.6533793653490942,0.8252996932252812,0.5174307351189499
AMD,Advanced Micro Devices Inc,Information Technology,1.9132484043323095,0.7689264782003777,0.46606099627057673,0.27801104381660924
AES,AES Corp,Utilities,0.38477765787102397,0.2773621872414764,0.3788960697095694,0.5199272512275394
AFL,AFLAC Inc,Financials,0.11825504856084229,0.718750596439921,0.03178850994453945,0.2185355422979506
A,Agilent Technologies Inc,Health Care,0.00625383658500156,0.4166773758441481,0.30853456680723956,0.6626770001413178
APD,Air Products & Chemicals Inc,Materials,1.2335307548613343,0.4916991428121893,0.6286747315835339,0.2809001027447374
AKAM,Akamai Technologies Inc,Information Technology,0.1983362996834737,0.011758865538799526,0.5781172403704157,1.1165628495648066
ALK,Alaska Air Group Inc,Industrials,0.002826414506779784,0.3359473171077527,0.9068024862404465,0.7190507337142268
ALB,Albemarle Corp,Materials,0.7279144101176569,0.10958576103336488,0.5316044653411462,0.9712584750605628
ARE,Alexandria Real Estate Equities,Real Estate,0.6047959606285549,0.37719353292077346,0.4601244196934188,0.30358048378134483
ALXN,Alexion Pharmaceuticals,Health Care,0.010492070028507605,1.128410721503378,0.23662523078529474,0.8946175396571753
ALGN,Align Technology,Health Care,0.909160269226098,0.23418432295348268,0.8335260153425916,1.0051716003183153
ALLE,Allegion,Industrials,0.2821899155851421,1.1911585896836931,1.2617508575331193,0.9686706589671434
LNT,Alliant Energy Corp,Utilities,0.47839712091014175,0.3245100755711023,0.401461598244626,0.5623956152836793
ALL,Allstate Corp,Financials,0.33444277458126614,0.20422638369892493,0.10450181444055036,0.22331119354983547
GOOGL,Alphabet Inc. (Class A),Communication Services,0.6036570870696254,0.46740546760307133,0.5174064513059111,0.32370835724645075
GOOG,Alphabet Inc. (Class C),Communication Services,0.35356826540775604,0.3089874531657436,0.3300196482413554,0.4218232993730085
MO,Altria Group Inc,Consumer Staples,0.3486509215498133,0.5811786352283597,0.3024474172279411,0.41512935770922166
AMZN,Amazon.com Inc.,Consumer Discretionary,0.17960392983409273,0.626444974452284,0.4690481146822168,0.17895078886547816
AMCR,Amcor plc,Materials,0.6453786503493193,0.9775527914891275,1.3993849922458053,0.06596322360487789
AEE,Ameren Corp,Utilities,0.40858813720848375,0.204042770386547,0.39100736198828057,0.25465026815545877
AAL,American Airlines Group,Industrials,0.4626275996084836,0.4694463042313413,0.5434837124228977,0.7008372294210239
AEP,American Electric Power,Utilities,0.31996588434974993,0.26444117128227607,0.072924425796179,0.3276826538953445
AXP,American Express Co,Financials,0.05516244707826559,0.12887551289167648,0.6181301817569458,0.11452697481976193
AIG,American International Group,Financials,0.34060759390643186,0.9358515513068679,0.5944070468475955,0.12813792474969002
AMT,American Tower Corp.,Real Estate,0.5783723725605299,0.46704441357404364,0.46927639830062134,0.27920314423652853
AWK,American Water Works Company Inc,Utilities,0.42416443103475465,0.40586925744131297,0.3367609236570474,0.2115271741060138
AMP,Ameriprise Financial,Financials,0.5832082494014819,0.45103829363137526,0.002117180199108684,0.12111772439757676
ABC,AmerisourceBergen Corp,Health Care,0.4629281210810415,1.068760209550449,0.06767780547602409,0.6643738038013988
AME,AMETEK Inc.,Industrials,0.7331944381747011,0.7556831512849915,0.10430959243619967,0.04228355400458611
AMGN,Amgen Inc.,Health Care,1.8820416996218747,0.09892395205795956,0.6218226727480133,0.5511496481918157
APH,Amphenol Corp,Information Technology,1.3062208393663883,1.1529865450872692,0.1401634416646012,0.9184550069059878
ADI,Analog Devices Inc.,Information Technology,0.4938872854585814,0.2103120951493715,0.6064354025185505,1.2087418815221669
ANSS,ANSYS,Information Technology,0.5378552054966084,0.5474743586834921,1.38589073681658,0.13315380912197713
ANTM,Anthem,Health Care,2.8929119553366798,0.42017736073641476,0.07026452419657181,0.23660443640570872
AON,Aon plc,Financials,0.24234148370753036,0.16293663211056603,0.010451699730897046,0.488013732831867
APA,Apache Corporation,Energy,0.25316913113833067,0.27782320516268644,0.502580660075739,0.3122573556247328
AIV,Apartment Investment & Management,Real Estate,0.49437795812353014,0.39028892431264023,0.2792694253472384,0.4411898062889195
AAPL,Apple Inc.,Information Technology,0.4984960578240052,0.5416458787204232,0.046785483831676106,1.2004741087817974
AMAT,Applied Materials Inc.,Information Technology,0.8961626399140529,0.2943892333481464,0.4086780234430668,0.4899668854887701
APTV,Aptiv PLC,Consumer Discretionary,0.9614256290103411,0.687293987642399,0.3780396373193902,0.22536154562717603
ADM,Archer-Daniels-Midland Co,Consumer Staples,0.14172135732241103,0.6247301418784439,0.4213099930071512,0.2930633469895709
ANET,Arista Networks,Information Technology,0.011105630181946366,0.16650487746888665,0.6054081696493492,0.8341404820316721
AJG,Arthur J. Gallagher & Co.,Financials,0.29068681507138705,0.7458417842773273,0.5495849940115171,0.09576773044260457
AIZ,Assurant,Financials,0.6136243435059262,0.40360464916983474,1.2001112775587564,0.41795174255539647
T,AT&T Inc.,Communication Services,0.371134207719584,0.37893000274558275,0.34262927509632146,0.27829937965256846
ATO,Atmos Energy,Utilities,0.584110961647026,0.31747731267460183,0.44535960239162686,0.249364464547659
ADSK,Autodesk Inc.,Information Technology,0.10310407106360524,0.1997410489222493,0.5854541021004209,0.412171814113495
ADP,Automatic Data Processing,Information Technology,0.9387055146103601,0.024508334982947313,0.9763753435108333,1.8766790020411754
AZO,AutoZone Inc,Consumer Discretionary,0.27026728822943724,0.6328311413382204,0.8210646205035889,0.4297006363340862
AVB,AvalonBay Communities,Real Estate,0.39073768753633525,0.3303134486079407,0.3816092995623999,0.4976249865904261
AVY,Avery Dennison Corp,Materials,0.6221993707516167,0.4413697496272306,1.3179902148283307,1.0175109217672607
BKR,Baker Hughes Co,Energy,0.30015652482334493,0.3089908005428906,0.275799251804196,0.22133857111132937
BLL,Ball Corp,Materials,1.1338647135723452,0.7826480846648547,0.7168293185003207,0.9118481287676059
BAC,Bank of America Corp,Financials,0.22941031162370834,0.17679657681172276,0.518921771373815,0.8082174402049469
BAX,Baxter International Inc.,Health Care,1.4168540465235635,0.14564768320067878,0.23946017372292427,0.5679354469168335
BDX,Becton Dickinson,Health Care,0.9438225225774222,0.9069054101559394,0.3380968957932894,0.2862420989881954
BRK.B,Berkshire Hathaway,Financials,0.6530968230683725,0.35389426654789935,0.6237595691649878,0.2945298508424362
BBY,Best Buy Co. Inc.,Consumer Discretionary,0.7481366974841812,0.3380944786863364,0.40618236367983424,0.4060251424532262
BIO,Bio-Rad Laboratories,Health Care,0.6362064525932407,0.7860466655612928,0.7540932024654314,1.0686260336329612
BIIB,Biogen Inc.,Health Care,1.5094719535451362,0.7566121753691678,1.1643905732945188,1.8023103907605535
BLK,BlackRock,Financials,0.965789667883056,1.1692295022469301,0.24629857580801934,0.2678125891832138
BA,Boeing Company,Industrials,0.022668630069045848,0.5301564163593111,0.8284579784469024,0.46347365767671495
BKNG,Booking Holdings Inc,Consumer Discretionary,0.2726118628975822,0.7855725108743654,0.7954561507181962,0.1716607573599136
BWA,BorgWarner,Consumer Discretionary,0.5438188948777122,0.8308648131269818,0.4199937904373995,0.813676376240982
BXP,Boston Properties,Real Estate,0.3865349320035862,0.29743225421559094,0.40829637749586734,0.3528212983963286
BSX,Boston Scientific,Health Care,0.46006242235118,0.9776282608107911,1.154875638518011,0.35177573431209497
BMY,Bristol-Myers Squibb,Health Care,0.5408460687042991,0.7049116763215519,1.14883555103451,0.23129826634131906
AVGO,Broadcom Inc.,Information Technology,0.29071685706958417,1.6124422577013249,0.11209368959600496,0.05647376017634931
BR,Broadridge Financial Solutions,Information Technology,0.6178857540735722,0.3046549967769502,0.22832198802541603,0.14901344826665666
BF.B,Brown-Forman Corp.,Consumer Staples,0.2877043501227778,0.41367340226102495,0.39912979145388305,0.4362140403952294
CHRW,C. H. Robinson Worldwide,Industrials,0.4406499946504752,0.5618647563310604,0.31189193715218627,0.26316612822924984
COG,Cabot Oil & Gas,Energy,0.34833611473488973,0.13772891768367798,0.4433388931268835,0.3365687698121421
CDNS,Cadence Design Systems,Information Technology,0.3506429277936892,0.6299775431012804,0.0621366959609744,1.8594203524487254
CPB,Campbell Soup,Consumer Staples,0.2693544080562773,0.3767858155671042,0.24116874393886636,0.5173589748728735
COF,Capital One Financial,Financials,0.08899554482006641,0.05157430079956213,0.09478561090734255,0.5847452426113645
CAH,Cardinal Health Inc.,Health Care,1.1494361579536336,1.354092584610829,0.6537166337957486,0.6628746509633373
KMX,Carmax Inc,Consumer Discretionary,0.6995382005101634,0.7332416756413483,0.6595468879249797,0.18164243116365913
CCL,Carnival Corp.,Consumer Discretionary,0.5753421676339616,0.6074652323864883,0.5501883396566143,0.7091602767615708
CARR,Carrier Global,Industrials,0.13011600653314276,0.06812865855252831,0.8685810869337425,0.11889144642712862
CAT,Caterpillar Inc.,Industrials,1.1689781185370247,0.2190309961226795,0.49106596173380196,0.5215026330640276
CBOE,Cboe Global Markets,Financials,0.5786073009242498,0.21571658108097266,0.6421243901633952,0.08378631273561851
CBRE,CBRE Group,Real Estate,0.42298463902886485,0.4251987662347473,0.4093727434153242,0.47053858572589846
CDW,CDW,Information Technology,0.007203198103301098,0.2634920838575481,0.4179626531151346,0.22254427706814747
CE,Celanese,Materials,0.6605680238213802,0.024034146874623574,0.2955446757755653,0.19960875089797775
CNC,Centene Corporation,Health Care,0.28098791404822443,0.14878338837129262,0.6288038387059469,0.13038993321521308
CNP,CenterPoint Energy,Utilities,0.4398562632154561,0.3129666137171388,0.17247152735343563,0.40432023570847947
CTL,CenturyLink Inc,Communication Services,0.24194789697723107,0.4138789222904239,0.3360110106004384,0.42316921813507835
CERN,Cerner,Health Care,1.9282262518577498,0.38736456837396693,0.7816233331233868,0.9826833853495734
CF,CF Industries Holdings Inc,Materials,1.1343685716084961,0.605615653724751,0.6401365570518145,0.6778405544092694
SCHW,Charles Schwab Corporation,Financials,0.18640580106271404,0.03176287968832739,0.17073509400450754,0.4669287864359183
CHTR,Charter Communications,Communication Services,0.5993264921846693,0.3369182585829496,0.39099175362076294,0.22830310263329784
CVX,Chevron Corp.,Energy,0.23947664531021468,0.2143370039390275,0.31020161590040807,0.36737631858976094
CMG,Chipotle Mexican Grill,Consumer Discretionary,0.4907484111920735,0.23301513781444616,0.4370876718379843,0.8479472578908432
CB,Chubb Limited,Financials,0.44359083116018005,0.15253881647628945,0.4936531729452195,0.19836702346817492
CHD,Church & Dwight,Consumer Staples,0.43089653247313214,0.46617758172537027,0.31828489846927305,0.41706080286045816
CI,CIGNA Corp.,Health Care,0.8345321859128942,0.6711685498132421,1.2047860491794724,0.5488438529866884
CINF,Cincinnati Financial,Financials,0.0501158438338804,0.8217480258548415,0.16297412427286914,0.38907043324108426
CTAS,Cintas Corporation,Industrials,0.7919704969953314,1.2754076606795994,0.005445868456980196,0.021722229380211233
CSCO,Cisco Systems,Information Technology,0.40631690688492494,0.14372857507167777,0.25869916412534677,0.12920167627885132
C,Citigroup Inc.,Financials,0.08145234419276393,1.100658325679496,0.3981785201348018,0.17518119093297133
CFG,Citizens Financial Group,Financials,0.4198952879972937,0.6582752898725256,0.49286933240262476,0.2955978853805322
CTXS,Citrix Systems,Information Technology,1.453576009194443,0.4828691400241345,0.27331090699991223,1.1365073850807779
CME,CME Group Inc.,Financials,1.23590157778433,0.1679701535485064,0.5592696044110486,0.20301382085183126
CMS,CMS Energy,Utilities,0.42662792260169,0.26423712646197145,0.30031005344532347,0.310477741253068
KO,Coca-Cola Company,Consumer Staples,0.4428723583617772,0.39304353779584267,0.3813691111427197,0.24648548653114125
CTSH,Cognizant Technology Solutions,Information Technology,0.423540235155058,1.052611692212772,0.10912313596742021,0.14535582648708933
CL,Colgate-Palmolive,Consumer Staples,0.35461528181407187,0.5679140186948656,0.2819714503091378,0.21874631291020166
CMCSA,Comcast Corp.,Communication Services,0.4117371150852515,0.35310221830223965,0.10550002754303645,0.30026808701094704
CMA,Comerica Inc.,Financials,1.0879436030217224,0.6126941884891303,0.02328059496232679,0.02763552469914282
CAG,Conagra Brands,Consumer Staples,0.4241897568454845,0.37490390383898103,0.3301630593006473,0.38880236241610205
CXO,Concho Resources,Energy,0.2941819734318548,0.4778969702815648,0.4403546657479551,0.2677370009029823
COP,ConocoPhillips,Energy,0.27276467333148713,0.23530259885874766,0.2074449817688063,0.21747358535308514
ED,Consolidated Edison,Utilities,0.2639418047509221,0.28125282089658027,0.37890909203024054,0.3480167577703881
STZ,Constellation Brands,Consumer Staples,0.36080734526441177,0.45919858765760363,0.5553367960573203,0.20307553194359393
CPRT,Copart Inc,Industrials,0.7227411314927957,0.5829085188729325,0.5352586899981526,0.08306622789540963
GLW,Corning Inc.,Information Technology,1.1867926184900304,0.015821573126978558,0.1705698087980452,0.810612221406855
CTVA,Corteva,Materials,0.3579954216330687,0.4294717008410582,0.4740043874377646,0.35544511972154863
COST,Costco Wholesale Corp.,Consumer Staples,0.4386706803367413,0.37834350650367393,0.448225263524991,0.41666179444361723
COTY,Coty Inc,Consumer Staples,0.26977130017668016,0.36632138607814235,0.4577368698233371,0.49450089236255834
CCI,Crown Castle International Corp.,Real Estate,0.4109713591141969,0.291255998836075,0.2136464480580604,0.24826928647065696
CSX,CSX Corp.,Industrials,1.6811646735987904,1.1861581596033588,0.2702029710241076,0.17913570257540928
CMI,Cummins Inc.,Industrials,0.04914020183483858,1.0998593061905781,0.48925148072340807,0.513021518683492
CVS,CVS Health,Health Care,1.2728982521169305,1.6239696820916936,0.019242025409897168,0.5783324438843302
DHI,D. R. Horton,Consumer Discretionary,0.7001604808312624,0.4541036188322544,0.24788302856176536,0.23739333798682222
DHR,Danaher Corp.,Health Care,0.7359111767636817,1.053370025958562,0.026160390619608953,0.09905011459219937
DRI,Darden Restaurants,Consumer Discretionary,0.5237508046053636,0.249929437670677,0.43078067974860146,0.3779926902884355
DVA,DaVita Inc.,Health Care,0.6423995355954318,0.5220638293400282,0.174881565531112,1.5252824697313438
DE,Deere & Co.,Industrials,0.6470933643939135,0.6359373030935245,1.0062645541081219,0.2810555190283025
DAL,Delta Air Lines Inc.,Industrials,0.012266983935972475,0.2953907898153193,2.1407565709908405,0.7009617344403558
XRAY,Dentsply Sirona,Health Care,0.29672868638422073,0.03423596716773425,1.1859731158256588,0.377795659110865
DVN,Devon Energy,Energy,0.20395924450510067,0.3807665128012573,0.25344824509046626,0.424252173606798
DXCM,DexCom,Health Care,0.3323341503160439,1.0278672960156099,1.2322981920573755,0.00260620387050714
FANG,Diamondback Energy,Energy,0.16898689291467658,0.38733760229379965,0.2667342644652485,0.294781928167692
DLR,Digital Realty Trust Inc,Real Estate,0.43498172984242234,0.2642273690922384,0.3595337573270324,0.43132829323263294
DFS,Discover Financial Services,Financials,0.06946540572392934,0.8068064548420898,0.1341203624928481,0.2640593136822339
DISCA,Discovery Inc. (Class A),Communication Services,0.4257017182607253,0.3467835772092774,0.3489736655050469,0.5459461555048831
DISCK,Discovery Inc. (Class C),Communication Services,0.2515218509274144,0.18599163105489247,0.4905166701328167,0.30346547189369066
DISH,Dish Network,Communication Services,0.3500087693484561,0.25026003881611736,0.4265860449791309,0.38119721885093993
DG,Dollar General,Consumer Discretionary,0.4974198842843763,0.7189003850469333,0.11131292124214703,0.5151538518272551
DLTR,Dollar Tree,Consumer Discretionary,0.4622455961099211,0.38316331909918355,0.49662541705073576,0.3793643873847724
D,Dominion Energy,Utilities,0.12598997171836362,0.2357005535206499,0.19905812344310647,0.1815571661180492
DPZ,Domino's Pizza,Consumer Discretionary,0.5427165578552721,0.5930050021939546,0.6310885066408138,0.5733552369179179
DOV,Dover Corporation,Industrials,0.23469993378779702,0.7610045446823157,0.12048853568173323,0.37827555036974697
DOW,Dow Inc.,Materials,1.363780269668917,0.7794562093268569,0.8033405214715656,1.1915485204627283
DTE,DTE Energy Co.,Utilities,0.24525180164095112,0.37045672535256996,0.35138498932137624,0.39737183224021494
DUK,Duke Energy,Utilities,0.16797386310021942,0.41917914237386034,0.27253379395759053,0.21709435164617522
DRE,Duke Realty Corp,Real Estate,0.3699958988690185,0.4974101551829248,0.2287231052292104,0.44440508996766276
DD,DuPont de Nemours Inc,Materials,0.7103778229852495,0.324979572426497,0.9868834625990408,0.7692275199968848
DXC,DXC Technology,Information Technology,0.10602213868281818,0.521632863090156,0.4315325694987292,0.2406503935907727
ETFC,E*Trade,Financials,0.6588490406965136,1.0981573579851103,0.40805383413740604,1.170035949578822
EMN,Eastman Chemical,Materials,1.1297186491705524,1.383953133560001,0.2520287354152875,0.7683129266803193
ETN,Eaton Corporation,Industrials,0.14352421943216728,0.24333059001236412,0.2801737917186298,1.604715903003584
EBAY,eBay Inc.,Consumer Discretionary,0.2387781858465009,0.457303248964608,0.6035497971260169,0.5142589771260625
ECL,Ecolab Inc.,Materials,0.9752691719891262,0.8445393450505909,0.2513993960836966,0.9880608469459284
EIX,Edison Int'l,Utilities,0.22804553743126882,0.3145911671867136,0.4041302256628472,0.2522873453350774
EW,Edwards Lifesciences,Health Care,0.13313193609547702,0.543120621586029,1.4918493844872547,1.211108650491676
EA,Electronic Arts,Communication Services,0.40465505082445613,0.5731387958562234,0.4698088746386696,0.49581660001007927
EMR,Emerson Electric Company,Industrials,0.05843496380336993,0.548938087716073,0.1446126598802602,0.09790036758980591
ETR,Entergy Corp.,Utilities,0.19871502522729279,0.24897165963516105,0.22624725433297344,0.23120251089038724
EOG,EOG Resources,Energy,0.25887873687006635,0.5229437176585278,0.3509079438586527,0.23906089382471585
EFX,Equifax Inc.,Industrials,0.436143315558476,1.8117850692979796,0.8633509744495729,1.1105010749766993
EQIX,Equinix,Real Estate,0.257756840338978,0.3434006040785882,0.47093671633065637,0.37912199049219897
EQR,Equity Residential,Real Estate,0.3616997384933026,0.3463206994759497,0.5210497587807649,0.46227590216598496
ESS,Essex Property Trust Inc.,Real Estate,0.3680811372008902,0.5226669166224949,0.2495061939150938,0.3559471296270602
EL,Est√©e Lauder Companies,Consumer Staples,0.4206095764417221,0.5271391008592667,0.3988049684151621,0.5404095109897362
RE,Everest Re Group Ltd.,Financials,0.2781246884674988,0.37644288797123426,0.17425411870350582,0.6662106954616388
EVRG,Evergy,Utilities,0.3090352001579047,0.22846353371061803,0.25714756672304123,0.49931124705595115
ES,Eversource Energy,Utilities,0.5201265962044094,0.1958408839861542,0.25136906559718963,0.2959747447966589
EXC,Exelon Corp.,Utilities,0.4376169818095013,0.3333049541096645,0.30658659192792675,0.47586408732702357
EXPE,Expedia Group,Consumer Discretionary,0.11969125866834118,0.6225530839544787,0.34679561434255785,0.4781358109397785
EXPD,Expeditors,Industrials,0.17261256355901744,0.45068849783155945,0.8093769336325214,1.9988691416281392
EXR,Extra Space Storage,Real Estate,0.6460940262115094,0.3262856369542313,0.31065168633423096,0.3929528118476923
XOM,Exxon Mobil Corp.,Energy,0.3368697901052065,0.29878409652845667,0.18611835624003525,0.33747606425752597
FFIV,F5 Networks,Information Technology,0.2058501692610503,1.8520344638523503,0.7954211408907642,0.25365479732131846
FB,Facebook Inc.,Communication Services,0.4096598205022467,0.4516429080871147,0.32238045292254386,0.3150387781148939
FAST,Fastenal Co,Industrials,0.23011607431280084,0.44794451848497496,0.8912553944064314,0.9934601375455352
FRT,Federal Realty Investment Trust,Real Estate,0.49388686520941544,0.4092995931904001,0.36790322581448853,0.49939115178102167
FDX,FedEx Corporation,Industrials,1.303467990011357,0.037410220693425256,0.3225021848228318,1.3956292359659763
FIS,Fidelity National Information Services,Information Technology,0.9860217694291319,0.589013874102389,0.7726497219016237,0.9551265677036086
FITB,Fifth Third Bancorp,Financials,0.5252518636164905,0.4439817036710706,0.3423064944031079,0.20424460904964883
FRC,First Republic Bank,Financials,0.3190411373757208,0.08778480644025599,0.26600860181972286,0.2061837865141304
FE,FirstEnergy Corp,Utilities,0.47691214493051204,0.31443518946538046,0.3330458675311975,0.3484854037585139
FISV,Fiserv Inc,Information Technology,1.5895434845629244,0.0017240108252721126,0.37690434621615676,0.5408504945386089
FLT,FleetCor Technologies Inc,Information Technology,0.25985215913610593,0.4616248672317471,1.1735351071703708,1.2264323860678041
FLIR,FLIR Systems,Information Technology,0.5624914957611225,0.25731567396741495,1.4319492644812797,0.6764826032294714
FLS,Flowserve Corporation,Industrials,0.45793925970208155,0.16402965168639433,0.5762687708065583,0.10653710872209449
FMC,FMC Corporation,Materials,0.7083494659630649,1.069733221218376,1.1393554113317554,2.6453031205927893
F,Ford Motor Company,Consumer Discretionary,0.4514988632605597,0.2886518931569552,0.3839967546000879,1.018490032848696
FTNT,Fortinet,Information Technology,0.6779139286346029,1.0811988226300753,1.000063921199299,0.7507648701817285
FTV,Fortive Corp,Industrials,0.3392579362325711,1.7305087325357706,0.691417889157643,0.5698141908624028
FBHS,Fortune Brands Home & Security,Industrials,1.1464741602283763,0.20078705427024074,0.45619778595858723,0.6934837639152445
FOXA,Fox Corporation (Class A),Communication Services,0.4371197573273676,0.2507789917228266,0.41975349805429246,0.44194247821063676
FOX,Fox Corporation (Class B),Communication Services,0.3521031637246975,0.330417486020714,0.5181472909698499,0.3912694235060872
BEN,Franklin Resources,Financials,0.16389870215898658,0.4080843424711098,0.6890930636971203,0.6316228880995087
FCX,Freeport-McMoRan Inc.,Materials,1.5806479962934235,0.948048712474632,0.46662177804239097,1.380829586900575
GPS,Gap Inc.,Consumer Discretionary,0.6290492525799563,0.5387427390331277,0.47359922776770313,0.36559800199965986
GRMN,Garmin Ltd.,Consumer Discretionary,0.774441962675861,0.583057872946802,0.6777568187730393,0.8088199662938069
IT,Gartner Inc,Information Technology,0.3178555669929608,0.3239780794725245,0.08772362672405476,0.29110656837357807
GD,General Dynamics,Industrials,0.5275719177835745,0.4482165245047583,0.29226318341286517,0.16958666610040804
GE,General Electric,Industrials,0.7521510946164092,0.06426928059841841,0.5969245885563057,1.46739733086035
GIS,General Mills,Consumer Staples,0.3171150975685694,0.35917535211519147,0.31448473433594726,0.43415203881749376
GM,General Motors,Consumer Discretionary,0.5290849023452903,0.3306760851567213,0.4620320579121778,0.3971209127438703
GPC,Genuine Parts,Consumer Discretionary,0.3532912046922063,0.3327579578385107,0.3466886983157207,0.7216594092635067
GILD,Gilead Sciences,Health Care,0.29714799879999937,1.7492585827706142,0.004557569201785405,0.8436309633983182
GPN,Global Payments Inc.,Information Technology,0.20667475388393872,1.351327790842749,1.4929201089268704,0.5145977640134607
GL,Globe Life Inc.,Financials,1.0119811119701647,0.45758840314439375,0.08227719263438332,0.7423915046992912
GS,Goldman Sachs Group,Financials,0.9211393376322192,0.22346277927236438,0.13883519437993105,0.37070665669910996
GWW,Grainger (W.W.) Inc.,Industrials,0.347967974817412,0.41497774100940005,0.246392496056489,0.9702093164284662
HRB,H&R Block,Consumer Discretionary,0.4115040808090626,0.6597837350022757,0.6357209133811889,0.36553924705053215
HAL,Halliburton Co.,Energy,0.44485549296761495,0.2860387739604708,0.32799984333214577,0.2689748072218321
HBI,Hanesbrands Inc,Consumer Discretionary,0.28058564466147695,0.3134616552742192,0.10848496736348806,0.8013839645914116
HIG,Hartford Financial Svc.Gp.,Financials,0.029340420678973453,0.1641656636298204,1.14175543625972,0.6699509092932266
HAS,Hasbro Inc.,Consumer Discretionary,0.6452388100801327,0.44404849130271923,0.5465778979622671,0.5445362215704214
HCA,HCA Healthcare,Health Care,0.47734650099617826,0.17743394213899322,1.4958914350868362,0.1339958691048747
PEAK,Healthpeak Properties,Real Estate,0.34864387610402753,0.5077681227150526,0.4540854323058581,0.37347488092010284
HSIC,Henry Schein,Health Care,0.17125211970822785,0.43846138801117707,0.8595574403662557,1.0173674129836319
HES,Hess Corporation,Energy,0.34947066829862716,0.4919498691297477,0.23033561880112624,0.2877696228099209
HPE,Hewlett Packard Enterprise,Information Technology,0.5881881708343941,0.08797960468578175,1.2505767242478816,1.0716454584777466
HLT,Hilton Worldwide Holdings Inc,Consumer Discretionary,0.4220552476849583,0.6799046380620536,0.7279108326094456,0.6790453139182634
HFC,HollyFrontier Corp,Energy,0.2756613153933312,0.3842266034943712,0.3231407953295019,0.2578239380225004
HOLX,Hologic,Health Care,0.582306100796624,0.5177848328234457,0.6680561339264367,0.9741115077327066
HD,Home Depot,Consumer Discretionary,0.5957340419860019,0.9402040499128095,0.4941958049131426,0.39733841880996157
HON,Honeywell Int'l Inc.,Industrials,0.1174513898548658,0.37754318773951573,0.583798319681305,1.0813983584606057
HRL,Hormel Foods Corp.,Consumer Staples,0.3162005813997313,0.41025352065906423,0.41959218722693686,0.46260646374389447
HST,Host Hotels & Resorts,Real Estate,0.48404638326718874,0.5042345199373826,0.33992076451661685,0.33465512425749266
HWM,Howmet Aerospace,Industrials,0.6513323321187545,0.9925430035233296,0.12314428259092469,0.7406073700882607
HPQ,HP Inc.,Information Technology,0.32884046776775877,0.22616070233725796,0.20804347131430342,1.5391717697593572
HUM,Humana Inc.,Health Care,0.08754314605582902,1.0212584835981338,0.9121411644750682,1.3498622191366534
HBAN,Huntington Bancshares,Financials,0.4454290275173456,0.5224225502392462,0.6848881708261776,1.0804612454136666
HII,Huntington Ingalls Industries,Industrials,0.5453835522243378,1.1540075438837654,0.5211766080571929,0.897098131893383
IEX,IDEX Corporation,Industrials,1.0207896193839352,0.1362642305772842,0.5300661871485128,0.09577410511166637
IDXX,IDEXX Laboratories,Health Care,1.6929212346212341,0.28002057596799623,0.34188783479483476,1.3817578086049433
INFO,IHS Markit Ltd.,Industrials,0.1732465706396621,1.000254956417325,0.2835002195630934,1.051978936603235
ITW,Illinois Tool Works,Industrials,0.6803445910781575,0.8462199673541935,0.9993156610630862,1.4242781097885477
ILMN,Illumina Inc,Health Care,1.658105523544401,1.2672485983066817,0.39805844309107496,0.17069555259877256
INCY,Incyte,Health Care,1.0020603695038215,0.29247814179145976,1.4382645850173377,0.9470101181203663
IR,Ingersoll Rand,Industrials,0.37492697962497235,1.6712497431650841,0.36543508339657077,0.42027215972465526
INTC,Intel Corp.,Information Technology,0.8374281817965419,0.4077741526518456,0.5778523212706215,1.126650228793723
ICE,Intercontinental Exchange,Financials,0.14177240897812574,0.1766476196891375,0.07735258070665373,0.48976553611486573
IBM,International Business Machines,Information Technology,0.03397445269186272,0.6023557923112404,0.21930007938980872,0.629209750273295
IFF,International Flavors & Fragrances,Materials,0.5246886338451644,0.37836486374675354,1.3800790845018232,0.37496602161501985
IP,International Paper,Materials,1.3658895324281999,0.16673785109078976,0.8276598286181438,0.43237413588121326
IPG,Interpublic Group,Communication Services,0.4243246271818397,0.28309070427419836,0.6682227538570633,0.27962834333412634
INTU,Intuit Inc.,Information Technology,0.06764252878548702,1.3800482432919696,1.1069293320760691,0.5986586782779023
ISRG,Intuitive Surgical Inc.,Health Care,0.3854517393764686,0.2445850817352152,0.9373344812753848,1.2573283142973306
IVZ,Invesco Ltd.,Financials,0.11710104710383855,0.5411770885498136,0.3775133737720894,0.3166829475897317
IPGP,IPG Photonics Corp.,Information Technology,1.2729519536404825,0.1340711534553945,0.4807495930058092,0.1553222021762756
IQV,IQVIA Holdings Inc.,Health Care,1.4391289818468995,1.2809018006956463,1.2608071206831926,0.1148596602510572
IRM,Iron Mountain Incorporated,Real Estate,0.2883016637928537,0.4382007811534517,0.3231891256800285,0.43091214876543604
JBHT,J. B. Hunt Transport Services,Industrials,0.5790044962428363,0.5957718661391094,0.33090398288599693,0.68740825820986
JKHY,Jack Henry & Associates,Information Technology,0.4323355075340941,0.010144404518866043,1.4270680965157179,0.16977080252366689
J,Jacobs Engineering Group,Industrials,0.09280661692657222,0.7915109522309804,0.5539092654988891,0.4739169509414948
SJM,JM Smucker,Consumer Staples,0.5333112464835644,0.2875743975136775,0.3343366785332029,0.3711143988836761
JNJ,Johnson & Johnson,Health Care,0.05540639830699168,0.18475070039347014,1.4188187890913089,0.510627116685906
JCI,Johnson Controls International,Industrials,0.3282661486385334,0.5328274867796203,0.0015626826776630742,0.8680078798834983
JPM,JPMorgan Chase & Co.,Financials,0.40848781226099706,0.09993831223735321,0.2513014030173182,0.38749963834565837
JNPR,Juniper Networks,Information Technology,0.5231377564583174,0.3609527898955961,0.9293976393532123,1.6521470559162548
KSU,Kansas City Southern,Industrials,0.5115210261087356,1.01791244377516,0.5980883970307911,0.959846055450353
K,Kellogg Co.,Consumer Staples,0.31438839751504594,0.37046051086143067,0.29092261145488,0.5439350036197137
KEY,KeyCorp,Financials,1.1851931299779217,0.6713667162672954,0.614838833596753,0.23744021975256682
KEYS,Keysight Technologies,Information Technology,0.15900630436510865,0.14781972914295824,0.21157562422003406,0.6994565531836102
KMB,Kimberly-Clark,Consumer Staples,0.1982077676345751,0.41714375965358796,0.27332268499030726,0.4272417618028841
KIM,Kimco Realty,Real Estate,0.416881794484362,0.3885896555029665,0.5477577445492147,0.4456484942733186
KMI,Kinder Morgan,Energy,0.2595737084644504,0.43160702495080705,0.4418983266735976,0.11423630670552459
KLAC,KLA Corporation,Information Technology,0.7093834196914913,0.11522376693209524,0.6718282925813502,0.2931472756391714
KSS,Kohl's Corp.,Consumer Discretionary,0.454905534178225,0.7826702961432914,0.6428596610273571,0.4745005686426639
KHC,Kraft Heinz Co,Consumer Staples,0.5112466783422858,0.4689404105171299,0.323856264398227,0.3853628003776117
KR,Kroger Co.,Consumer Staples,0.2834654063603645,0.41140521310170414,0.4528649208727009,0.23954878951540381
LB,L Brands Inc.,Consumer Discretionary,0.4475308181779899,0.49285415607068184,0.6271796882782444,0.3428652060361897
LHX,L3Harris Technologies,Industrials,0.6916533504086813,0.29931926842131906,0.15374618762551318,0.8485453447712119
LH,Laboratory Corp. of America Holding,Health Care,0.9668634683453459,0.4161469741700623,0.4480678568068851,0.2623086601531771
LRCX,Lam Research,Information Technology,0.2488941936985595,1.299009248881989,1.133366857694544,0.608201093789605
LW,Lamb Weston Holdings Inc,Consumer Staples,0.34239891517000337,0.2759369753663057,0.4172626009494464,0.3035332668734444
LVS,Las Vegas Sands,Consumer Discretionary,0.5836695054604177,0.5680095811137608,0.8270992093589589,0.5566306471814405
LEG,Leggett & Platt,Consumer Discretionary,0.6061913344962432,0.14381243182685954,0.4781955949965501,0.6457432142835638
LDOS,Leidos Holdings,Information Technology,0.14818748570751403,1.083433457530582,0.017569805687184678,0.2796241102545337
LEN,Lennar Corp.,Consumer Discretionary,0.5247318541004188,0.4154585006319138,0.35402267016202127,0.43430118490758235
LLY,Lilly (Eli) & Co.,Health Care,0.686800776887478,0.022155613829587084,1.0374410475132898,0.687564979285079
LNC,Lincoln National,Financials,0.7000619603128296,0.06237670197744541,0.33781017695085647,0.16583252246990707
LIN,Linde plc,Materials,1.2005490621794002,0.05824126459614565,0.3046023310951297,0.535647236709055
LYV,Live Nation Entertainment,Communication Services,0.26907178049605673,0.5185776326962751,0.3904720171652397,0.3296989403900066
LKQ,LKQ Corporation,Consumer Discretionary,0.45047556393753063,0.5803526809250672,0.41673341157400584,0.2710692314538621
LMT,Lockheed Martin Corp.,Industrials,1.3063302033282496,0.7244554478233208,0.0027268069549611917,1.0550975342045845
L,Loews Corp.,Financials,0.3524920483745033,0.6960669114861798,0.17934416990102695,0.13674636203862112
LOW,Lowe's Cos.,Consumer Discretionary,0.7272994200981264,0.7947811169395963,0.7182250561117888,0.7640691710877306
LYB,LyondellBasell,Materials,0.016970676380033772,0.5151555367554819,1.2217998933149332,1.8218978589854689
MTB,M&T Bank Corp.,Financials,0.9218925385274839,0.17231203694962707,0.49079284593760597,0.15406176746773217
MRO,Marathon Oil Corp.,Energy,0.21548932115539138,0.30924606913637415,0.306373471151348,0.37983855096960045
MPC,Marathon Petroleum,Energy,0.24418168878753316,0.20567408595459297,0.3113698352111726,0.019435760952471848
MKTX,MarketAxess,Financials,0.43715237681749564,0.005212052049658314,0.18546258968342763,0.13958603366342337
MAR,Marriott Int'l.,Consumer Discretionary,0.43411319349770217,0.4263058424536661,0.55439384748101,0.8534633720766549
MMC,Marsh & McLennan,Financials,0.443610748306,0.6289570675259933,1.4629257581905566,0.6676468334519552
MLM,Martin Marietta Materials,Materials,0.9883834836170104,1.1910375245482523,0.09810777886906533,1.4158496055047167
MAS,Masco Corp.,Industrials,1.1931179343237543,0.6900551904246195,0.05106453550813844,0.26836580989514963
MA,Mastercard Inc.,Information Technology,1.427485092611121,0.6116228879692529,0.7917101379585486,0.6460225137390954
MXIM,Maxim Integrated Products Inc,Information Technology,0.9191416066719488,1.2345297368876609,0.5275939248928206,0.6636675490830212
MKC,McCormick & Co.,Consumer Staples,0.3646515437970698,0.5500553613086389,0.3723502994703569,0.47585835887083133
MCD,McDonald's Corp.,Consumer Discretionary,0.4419727644552017,0.5491549127214264,0.8107725283633342,0.5772770688264213
MCK,McKesson Corp.,Health Care,0.11135516502061948,0.17870616036263332,1.4822662362702896,0.6123354171940326
MDT,Medtronic plc,Health Care,1.0128951677964129,0.3490553487387624,0.03878268894969561,1.363267913658568
MRK,Merck & Co.,Health Care,0.4603031518591877,0.3186400602832383,0.29599423277953485,1.7826011870040133
MET,MetLife Inc.,Financials,0.11680269416728842,0.15984426657238507,0.29299085794714197,0.013094595656906752
MTD,Mettler Toledo,Health Care,0.8856317519630603,0.32995602341396596,0.296615800337079,1.029962780687597
MGM,MGM Resorts International,Consumer Discretionary,0.6354004559727345,0.7363276400319554,0.7730200748828553,0.44442891536635293
MCHP,Microchip Technology,Information Technology,0.7510818462062571,0.12910066496336797,0.41570119683419926,0.4089719139272897
MU,Micron Technology,Information Technology,0.5824491048555918,0.3779060465943481,0.63174076556463,0.2725839994660585
MSFT,Microsoft Corp.,Information Technology,0.6140857447825997,0.6541572591345932,0.1393661619498521,0.592361944824957
MAA,Mid-America Apartments,Real Estate,0.4161719082242967,0.5000991398355819,0.2345156863885698,0.3488352966782251
MHK,Mohawk Industries,Consumer Discretionary,0.21678014907117327,0.6021367895735521,0.30673983321643705,0.3868317465325924
TAP,Molson Coors Beverage Company,Consumer Staples,0.3897468919103865,0.6670716093703752,0.3595965541144948,0.3716313814975852
MDLZ,Mondelez International,Consumer Staples,0.1997600161213154,0.38161362446771807,0.31872868496465057,0.35788788986415315
MNST,Monster Beverage,Consumer Staples,0.4532307320971791,0.2917178821002053,0.4652528552595761,0.37731479614479374
MCO,Moody's Corp,Financials,0.4113726661477294,0.7182053691411009,1.292122864372169,0.5474148248208641
MS,Morgan Stanley,Financials,0.3329930426920099,0.18440693704590755,0.27077432051336026,0.7753835224307077
MSI,Motorola Solutions Inc.,Information Technology,0.17344070496767813,0.5364491111845138,0.12174588684715212,0.40934075379445745
MSCI,MSCI Inc,Financials,0.6625561326676807,0.7727532855976765,0.4291799239340114,0.031682467604921744
MYL,Mylan N.V.,Health Care,0.608403282686218,1.4462313586366515,0.9089864642526639,0.1641861361247226
NDAQ,Nasdaq Inc.,Financials,0.22860582857286174,0.4114132041565971,0.4999655614004862,0.3950451724306825
NOV,National Oilwell Varco Inc.,Energy,0.23518340963899875,0.31259600609746524,0.2993812253031231,0.43775332286211177
NTAP,NetApp,Information Technology,1.2731780883519337,0.44008896007879394,0.9589365183200452,0.1725891843202269
NFLX,Netflix Inc.,Communication Services,0.49025337594631285,0.20470657601134687,0.47887031076766623,0.42145522976483774
NWL,Newell Brands,Consumer Discretionary,0.6419789730870522,0.6704621688194018,0.5197390950614321,0.8152925877478456
NEM,Newmont Corporation,Materials,0.01775033934358397,0.9005052342021502,0.036569567051788016,0.5568465831130022
NWSA,News Corp. Class A,Communication Services,0.30978841330815915,0.4892894130829777,0.34182941866109745,0.4155291959187347
NWS,News Corp. Class B,Communication Services,0.24938489678802955,0.3120048121909986,0.5212898347985888,0.24637355676677214
NEE,NextEra Energy,Utilities,0.2746424001400741,0.32667926232481626,0.27905049234911367,0.32679112176614183
NLSN,Nielsen Holdings,Industrials,2.025525517613011,1.6335589421731032,0.7326561030143223,2.2398235862779594
NKE,Nike Inc.,Consumer Discretionary,0.36199206427225694,0.555818985711817,0.275480149100374,0.5808897522692864
NI,NiSource Inc.,Utilities,0.34918028809113044,0.14561703326131747,0.09960014708507489,0.45164330120511453
NBL,Noble Energy,Energy,0.33040913593165233,0.20234951415164892,0.16579322918644243,0.2519000883394407
NSC,Norfolk Southern Corp.,Industrials,1.8756818357072909,0.46542740530602794,0.4429668435680653,0.24288303817204568
NTRS,Northern Trust Corp.,Financials,0.24853245090561313,0.41971203472556795,0.46196112458978367,0.28913433617724693
NOC,Northrop Grumman,Industrials,0.49899166602226946,1.2821071086157048,0.9008494690669122,0.2723255053153845
NLOK,NortonLifeLock,Information Technology,0.31327174797414614,0.5777723355596011,1.5685052854347783,1.8255086098497606
NCLH,Norwegian Cruise Line Holdings,Consumer Discretionary,0.47273358827562206,0.3119330159111656,0.23684160041702113,0.5717651494161565
NRG,NRG Energy,Utilities,0.14207485315692892,0.3359391901241,0.25452989411921234,0.11018622720890789
NUE,Nucor Corp.,Materials,0.6584813999276571,0.2121261525040945,1.126948337095201,1.063435279271034
NVDA,Nvidia Corporation,Information Technology,2.004597947798702,0.5529842745381219,0.5855212476287333,0.3074051983955781
NVR,NVR Inc.,Consumer Discretionary,0.23937365977929337,0.6605298481646295,0.2845700254325453,0.39966688100239833
ORLY,O'Reilly Automotive,Consumer Discretionary,0.7741540733337918,0.5547065964107806,0.5243829077762078,0.7092519700998609
OXY,Occidental Petroleum,Energy,0.3199746170200293,0.43405129721485725,0.14679472278106567,0.225309316370702
ODFL,Old Dominion Freight Line,Industrials,0.18066482130016215,0.1167190468195865,0.4832807279798694,0.7802103697125315
OMC,Omnicom Group,Communication Services,0.34077414591603755,0.4810919817199184,0.4418666593594358,0.5760274779206909
OKE,ONEOK,Energy,0.048653486016870584,0.3442933862571175,0.4956573241110216,0.08648937392987632
ORCL,Oracle Corp.,Information Technology,0.5382304837796423,0.2780807030140764,0.6483887784214868,1.4037288431093473
OTIS,Otis Worldwide,Industrials,0.06698936645856207,0.1567123014758941,0.33822573461545496,0.21320375327055677
PCAR,PACCAR Inc.,Industrials,0.0858218716932096,0.5321696132724221,0.016340907413473715,0.8236551183413812
PKG,Packaging Corporation of America,Materials,0.18971590184498632,0.8307868854050948,0.5712033597599693,2.0175706848755186
PH,Parker-Hannifin,Industrials,0.46826822124353307,0.08100332466828561,0.7971975654904426,0.2935139275625362
PAYX,Paychex Inc.,Information Technology,0.1705427500752057,0.9008712299617668,0.6189621162429628,1.0103214470268986
PAYC,Paycom,Information Technology,0.9669819935887363,0.4877703627753449,0.2457071635772545,2.0198627763943344
PYPL,PayPal,Information Technology,0.5879066646702703,0.361620569762532,0.7301482788217435,0.6399486334086464
PNR,Pentair plc,Industrials,0.26523508699822806,0.15853561093885732,0.12240821917162686,0.1902356679904976
PBCT,People's United Financial,Financials,0.1959927405640249,1.1328975537915789,0.15369883221458033,0.03976586045514019
PEP,PepsiCo Inc.,Consumer Staples,0.33413377004643585,0.4054266908338725,0.38165088210948594,0.37834516248363714
PKI,PerkinElmer,Health Care,0.578490072697268,0.22996710374937424,0.7780816273661431,0.48857233193809335
PRGO,Perrigo,Health Care,0.3635106608147388,1.2619157193803172,0.4439761383290818,1.1473700602479966
PFE,Pfizer Inc.,Health Care,0.8338202554150231,1.0997154852949174,0.37414427860741567,0.8442386119405468
PM,Philip Morris International,Consumer Staples,0.3525955394524899,0.39579639687594864,0.3967940123904009,0.33625817021251614
PSX,Phillips 66,Energy,0.2724401312609772,0.24713441070114525,0.3172212982021856,0.10155890478726864
PNW,Pinnacle West Capital,Utilities,0.19557607507644043,0.17979042790006974,0.5368803793750455,0.41884064809947685
PXD,Pioneer Natural Resources,Energy,0.16431896367750182,0.22498522797695253,0.2909834906830329,0.31892144794131927
PNC,PNC Financial Services,Financials,0.12642143231665715,0.8057250266612528,0.33260763674164084,0.6627366116830488
PPG,PPG Industries,Materials,0.30005755172003196,0.3352833603457649,0.7969649975518587,0.17044503424037066
PPL,PPL Corp.,Utilities,0.31636354806908745,0.3024793582736443,0.19984403992716948,0.030556712275958908
PFG,Principal Financial Group,Financials,0.53414070434347,1.0544395164243052,0.4728468340327966,0.26463428436438413
PG,Procter & Gamble,Consumer Staples,0.2740760564016964,0.5953794022147705,0.7055225456826931,0.28397663785582533
PGR,Progressive Corp.,Financials,0.21678132857140497,1.044905508451802,0.3616548127111623,0.2408083880623191
PLD,Prologis,Real Estate,0.4284025556705135,0.5101537382400184,0.3331601800882801,0.4107314409588379
PRU,Prudential Financial,Financials,0.18585676408544607,0.48656433211353256,0.31041396885510497,0.3664203899498082
PEG,Public Service Enterprise Group (PSEG),Utilities,0.46415464778315785,0.1147584682796651,0.30389137781947057,0.21863610048098486
PSA,Public Storage,Real Estate,0.35949564364335285,0.6067340392706319,0.3998194827206429,0.3437797136101777
PHM,PulteGroup,Consumer Discretionary,0.44526170461964154,0.42951083075780955,0.07615035451771951,0.7657729605767842
PVH,PVH Corp.,Consumer Discretionary,0.27029033135636993,0.753577002499665,0.37094443186904913,0.22565608329820736
QRVO,Qorvo,Information Technology,0.09082148451694191,1.3136452061881099,0.06423572213062909,0.7541584194910775
QCOM,QUALCOMM Inc.,Information Technology,1.898013430857212,0.2897244158894138,0.4069537406747684,0.5600237459314937
PWR,Quanta Services Inc.,Industrials,0.7449186656285058,0.37111314376519217,1.8493043857545781,0.38272573880902705
DGX,Quest Diagnostics,Health Care,0.08881878185320402,0.2918302533680638,0.8021842406627262,0.6844862660594888
RL,Ralph Lauren Corporation,Consumer Discretionary,0.7438680512960705,0.5638878365394762,0.5287883975974716,0.5791862907125431
RJF,Raymond James Financial Inc.,Financials,0.13493654411766284,0.19081942508654692,0.3177784698594444,0.15780343207661243
RTX,Raytheon Technologies,Industrials,0.735371546794743,1.6062275347577362,0.08269458781958575,1.1675639756352396
O,Realty Income Corporation,Real Estate,0.42466428800062855,0.42528110691126386,0.3596399385880239,0.4011855349655887
REG,Regency Centers Corporation,Real Estate,0.45200554192965015,0.3444149233193925,0.30834637825035394,0.3687465600798019
REGN,Regeneron Pharmaceuticals,Health Care,0.41247500346554533,0.8090609239630828,0.23533463235068536,0.9917405987448866
RF,Regions Financial Corp.,Financials,1.2677401667796155,0.38545907508669497,0.7721756681126483,0.16368878591419067
RSG,Republic Services Inc,Industrials,1.1663065816027403,0.6499251133836166,0.07052991100747208,0.18224216814198532
RMD,ResMed,Health Care,1.0549609658086307,0.1405599854848263,0.45567274744065556,1.4420164939457099
RHI,Robert Half International,Industrials,0.19606125105650085,0.28746122696630105,0.5100632494971893,0.40071925918513523
ROK,Rockwell Automation Inc.,Industrials,0.6239909509368029,0.2502684544375031,0.7879494383809289,0.15254210683487565
ROL,Rollins Inc.,Industrials,1.155151463247291,0.8765020266894543,0.3059359803631838,0.6548898070018505
ROP,Roper Technologies,Industrials,0.680501990395169,0.05249036699096188,0.5167395347535703,0.11797145389633076
ROST,Ross Stores,Consumer Discretionary,0.6432050865627521,0.7987669702206182,0.6764389597408246,0.7935010011987503
RCL,Royal Caribbean Group,Consumer Discretionary,0.5355327798813022,0.42219850486036475,0.5060884855537724,0.9152208241623538
SPGI,S&P Global Inc.,Financials,0.8480376687842879,0.406587699951229,0.19746459443194414,0.3385044127212671
CRM,Salesforce.com,Information Technology,0.45796028853951254,1.2617117418173143,0.36428764192802965,1.534844303613435
SBAC,SBA Communications,Real Estate,0.3767564379315641,0.41002286185163506,0.38702253332848385,0.49360261759839835
SLB,Schlumberger Ltd.,Energy,0.39540910244184857,0.2455132494971612,0.27015263890946234,0.22785409059757966
STX,Seagate Technology,Information Technology,0.2815737118617944,0.9185380439350691,0.19394729172286765,1.159615557953914
SEE,Sealed Air,Materials,1.0915715814062295,0.27919348882993245,1.0252074950004022,0.38351422954619346
SRE,Sempra Energy,Utilities,0.20047994141203326,0.5074279214422014,0.5055624331494312,0.10028953305370522
NOW,ServiceNow,Information Technology,0.2769424505279349,0.7368415386684259,0.4498098826221666,0.6672589391861456
SHW,Sherwin-Williams,Materials,0.6766040370757738,0.38472742516177955,0.572687346679799,0.3730340969724191
SPG,Simon Property Group Inc,Real Estate,0.3067070884579056,0.16139549078979112,0.35593162318680477,0.2619623405725531
SWKS,Skyworks Solutions,Information Technology,0.4020877803815046,0.3134122010718109,0.18614566860654438,0.47949748433912176
SLG,SL Green Realty,Real Estate,0.163539316260467,0.1787544972765842,0.30402102338757153,0.23261851878649964
SNA,Snap-on,Industrials,0.590000334758757,0.26563188470503596,0.8430139647373345,0.5887601151492607
SO,Southern Company,Utilities,0.01956755737128274,0.18003559142631104,0.46592864044615556,0.30539826122436337
LUV,Southwest Airlines,Industrials,0.8548958751938807,0.6328324871023498,0.6205475734794907,0.31859963448172496
SWK,Stanley Black & Decker,Industrials,0.5268067566244251,1.722755346904556,0.5907258798242035,0.8082461577322664
SBUX,Starbucks Corp.,Consumer Discretionary,0.5561066782449103,0.23308508384355525,0.6816703699489077,0.8558684251488031
STT,State Street Corp.,Financials,0.09594869658507166,0.36576517956821286,0.5882668145826224,0.005559600153395544
STE,STERIS plc,Health Care,1.331249981334968,0.08918648121754336,0.24319649706011304,1.3469808133978667
SYK,Stryker Corp.,Health Care,0.5174050928802687,0.28328470593767996,1.0794056990481313,1.3250695053879933
SIVB,SVB Financial,Financials,0.7964324106358251,0.220613360735019,0.46279748450250946,0.018020505080439425
SYF,Synchrony Financial,Financials,0.7296682069570162,0.08307629290962398,0.07026988131589154,0.3956961407831857
SNPS,Synopsys Inc.,Information Technology,0.7802885325172683,0.13568675545950604,0.6099960429487414,0.7782832929153435
SYY,Sysco Corp.,Consumer Staples,0.3674410897505009,0.43851784198034904,0.4463633809550319,0.32177172679146504
TMUS,T-Mobile US,Communication Services,0.28500106929159585,0.4370521217501053,0.3181349072509273,0.5118887746731093
TROW,T. Rowe Price Group,Financials,0.5981890633913435,0.43254577405573247,0.0529880192538357,0.033666900239994774
TTWO,Take-Two Interactive,Communication Services,0.31555198325775774,0.23798532568723743,0.3801417423855241,0.38444842772941856
TPR,Tapestry Inc.,Consumer Discretionary,0.8330193921727529,0.6106320542819103,0.40753833496096675,0.7148616871847319
TGT,Target Corp.,Consumer Discretionary,0.651613749865991,0.40410584337907407,0.364619547472277,0.15222754517739867
TEL,TE Connectivity Ltd.,Information Technology,0.46652125772126185,1.1870211419381433,0.8666720665716071,0.446640017810806
FTI,TechnipFMC,Energy,0.23511768203690636,0.2562676792721977,0.4206853569553281,0.3499885477328828
TDY,Teledyne Technologies,Industrials,0.11391812730656786,0.6298144618998822,0.08903268869434317,1.490416227536321
TFX,Teleflex,Health Care,0.040977576255672665,0.3162530268262441,0.7193529686959586,0.2792595049296056
TXN,Texas Instruments,Information Technology,1.0323602416404398,0.444875668303641,0.526956437965517,0.9110145693982609
TXT,Textron Inc.,Industrials,0.3078626011406888,0.7344909808086122,0.4272004169100411,0.6435351213034999
BK,The Bank of New York Mellon,Financials,0.44095303479516734,0.512410407493682,0.26156379984096745,1.227668777364289
CLX,The Clorox Company,Consumer Staples,0.30947118814218416,0.4565750170752282,0.4882265943255102,0.5267050362976238
COO,The Cooper Companies,Health Care,1.156906539540098,0.12604760114189295,1.1539293101253456,0.07769151795251705
HSY,The Hershey Company,Consumer Staples,0.5498721687124546,0.4483903166054931,0.6066222244322005,0.5997849383659132
MOS,The Mosaic Company,Materials,0.4101658257264491,0.9545983905294346,0.23716879129466278,0.48216566157374735
TRV,The Travelers Companies Inc.,Financials,0.18451428309778622,0.4898696500602975,0.45866132415980043,0.3115441551821573
DIS,The Walt Disney Company,Communication Services,0.4408448244326415,0.25189187012783343,0.44012570211215196,0.4734663253324269
TMO,Thermo Fisher Scientific,Health Care,0.6443076847133595,1.6061296916989565,0.4757877056870693,0.7251774626905109
TIF,Tiffany & Co.,Consumer Discretionary,0.6990414841721533,0.32746486236518335,0.7472280164969535,0.6088641738148828
TJX,TJX Companies Inc.,Consumer Discretionary,0.37760352743347547,0.17881814223045756,0.6071033886387778,0.7861704250010062
TSCO,Tractor Supply Company,Consumer Discretionary,0.639565441524633,0.23264180054142336,0.455970037906305,0.3341954712713705
TT,Trane Technologies plc,Industrials,0.14793921031704638,0.39637314177895616,1.2714601646638644,0.4050533107023947
TDG,TransDigm Group,Industrials,0.3483691007544101,0.2568943555387105,0.5136832072184652,1.0933693541190233
TFC,Truist Financial,Financials,0.03045044867014822,0.2797447025466163,0.284683063597189,0.9496606558465441
TWTR,Twitter Inc.,Communication Services,0.3210050622589522,0.48081539718677496,0.5163299404891678,0.25169911877492
TYL,Tyler Technologies,Information Technology,1.4779840196465728,1.0551869940946248,0.362788603220463,0.2234148545321921
TSN,Tyson Foods,Consumer Staples,0.3193602511911093,0.38328524640228895,0.4798767681755324,0.39398241263202516
USB,U.S. Bancorp,Financials,0.6176251832606785,0.9483016726473062,0.33378327265059027,0.35253222892440594
UDR,UDR Inc.,Real Estate,0.505014429776551,0.4721055740486852,0.4470108403157368,0.34898999587835466
ULTA,Ulta Beauty,Consumer Discretionary,0.4015332903295368,0.44006985223977113,0.6306870328681262,0.5921060706801811
UAA,Under Armour (Class A),Consumer Discretionary,0.516614962535,0.7200183776205165,0.293056455030835,0.27789513284965595
UA,Under Armour (Class C),Consumer Discretionary,0.18479042115163813,0.36388012239874123,0.36382979524364917,0.2535365887993694
UNP,Union Pacific Corp,Industrials,1.989218984764407,0.27003764895074217,0.9351233801844498,0.6912766878969976
UAL,United Airlines Holdings,Industrials,0.7492891920320621,0.17425337441961608,0.6710879874649468,1.5498445159244496
UNH,United Health Group Inc.,Health Care,0.4276493704656833,0.7298864020205279,0.8679026484493708,0.7029159315660669
UPS,United Parcel Service,Industrials,0.22889974384007783,0.9016139054701013,0.054105729828420684,0.3119374794978093
URI,United Rentals Inc.,Industrials,0.5494293111532229,1.4238341579361151,0.016190111109191663,0.6555987184124494
UHS,Universal Health Services,Health Care,0.38011849361013345,0.44951874190162583,0.8908439469874746,1.0123399279677194
UNM,Unum Group,Financials,0.44611917428363734,0.14453934619273923,0.20694220690424797,0.05796106749193549
VLO,Valero Energy,Energy,0.3019339337746046,0.3967179154463319,0.47044641649147134,0.33583493711852813
VAR,Varian Medical Systems,Health Care,0.36148417972468544,0.07880134539631256,0.1568699017339819,1.0966135529506393
VTR,Ventas Inc,Real Estate,0.4119709119714225,0.3391812317137278,0.33071928176167675,0.32748947133174805
VRSN,Verisign Inc.,Information Technology,0.47781086650652294,1.0305423376946106,1.2878138162292263,0.5581768467581384
VRSK,Verisk Analytics,Industrials,1.108419478290085,0.6475843039075468,0.5092031947244208,0.4947404228105619
VZ,Verizon Communications,Communication Services,0.33435568830009255,0.42696420714367606,0.5671534086788232,0.3920268199385516
VRTX,Vertex Pharmaceuticals Inc,Health Care,0.120922287606122,0.5558228488276277,0.16821548497879002,0.391861670895791
VFC,VF Corporation,Consumer Discretionary,0.24358217278437194,0.3036105865972986,0.1476446782062028,0.616018066985838
VIAC,ViacomCBS,Communication Services,0.3461097839827314,0.3358624686938476,0.4209069366344735,0.2508071881097699
V,Visa Inc.,Information Technology,0.004336060498448507,0.7949454412651034,0.29077541412361496,0.6541380312230154
VNO,Vornado Realty Trust,Real Estate,0.3134830984484789,0.477102554615384,0.253725637772666,0.26828260128668124
VMC,Vulcan Materials,Materials,0.686615804280279,0.8314484828694821,0.6950738491138899,1.1829004990635963
WRB,W. R. Berkley Corporation,Financials,0.06473618722356961,0.19867272767432345,0.3498666666977982,0.039338677696640734
WAB,Wabtec Corporation,Industrials,0.1339077406267057,0.030361078918686835,0.47074886988761516,1.0930896862827004
WBA,Walgreens Boots Alliance,Consumer Staples,0.3023741843720058,0.5947095678362593,0.3636535357317975,0.40203570740193256
WMT,Walmart,Consumer Staples,0.38967124137023784,0.3687695568003187,0.5514871010832861,0.3397615404528493
WM,Waste Management Inc.,Industrials,0.07894694545887054,1.7507700060643707,0.5488679465371029,0.7732660638465265
WAT,Waters Corporation,Health Care,0.11886669934641253,0.2249645518322858,0.5103252453522652,0.8346178544788003
WEC,WEC Energy Group,Utilities,0.45902086303416684,0.36551209718173305,0.11776442049011823,0.39944479686326045
WFC,Wells Fargo,Financials,0.5373234361109599,0.4579321434254797,0.52604538794218,0.4657850156290573
WELL,Welltower Inc.,Real Estate,0.5030642263019445,0.4020618622917587,0.4679065501230032,0.27897404965110045
WST,West Pharmaceutical Services,Health Care,0.7096442098425394,1.0366569837379582,0.5834673816538235,0.7852716847973018
WDC,Western Digital,Information Technology,0.7332116512881535,0.743743351165962,1.3412926854806648,0.1436300118921346
WU,Western Union Co,Information Technology,0.5014100965259676,0.39382128634570346,0.9442722722491758,0.5680752336054021
WRK,WestRock,Materials,0.1715797005036602,0.10345686345060101,0.3055936399969885,0.5057125887036282
WY,Weyerhaeuser,Real Estate,0.4681276494691544,0.32383985708708274,0.3855212690934572,0.5790036031290187
WHR,Whirlpool Corp.,Consumer Discretionary,0.5394161899463188,0.566309806676148,0.5143120663351555,0.8162243264858188
WMB,Williams Companies,Energy,0.4007813598399818,0.2675954150394053,0.46763580663553395,0.13595760880729682
WLTW,Willis Towers Watson,Financials,0.659766601066925,0.2299835995590593,0.8976070702768367,0.11218562712403254
WYNN,Wynn Resorts Ltd,Consumer Discretionary,0.7850507957235552,0.5837808061624687,0.5761447814500504,0.5351428310372557
XEL,Xcel Energy Inc,Utilities,0.02894218218999739,0.2524626200075439,0.3266571071700712,0.2962464317081372
XRX,Xerox,Information Technology,0.1004967426584201,0.7423742416628509,0.27333279069963046,0.9214089181157377
XLNX,Xilinx,Information Technology,0.5028740502797516,0.42534377642043397,2.319019518787675,0.5219168891791134
XYL,Xylem Inc.,Industrials,0.9147603789866643,0.08149803641050818,1.2171383858186313,0.5868038388079369
YUM,Yum! Brands Inc,Consumer Discretionary,0.02265060462038959,0.4032773677704896,0.17493986227434483,0.40019968657067334
ZBRA,Zebra Technologies,Information Technology,0.7822007531183464,0.5407159153202526,0.15588784484479737,0.6336842147296227
ZBH,Zimmer Biomet Holdings,Health Care,1.0630899206136402,0.06438342775900674,0.5123665624720692,0.3099113136743652
ZION,Zions Bancorp,Financials,0.5114100385323109,0.6776713609856215,0.43971062249310233,0.13309589461892307
ZTS,Zoetis,Health Care,0.08250328424415876,0.012691873393556041,1.066117093455985,0.3365069138114724
